,network_name,train_pred,test_pred,RMSE_train,RMSE_test,NMSE_train,NMSE_test,total_nodes,learning_time,n_network,E,NMSE_test,num_nodes,Win_strength,Win_sparsity,n_neighbors
0,Combined_Network,0.8855,0.8701,0.1065,0.1117,0.0353838,0.0404673,4,0.0,1,4,0.0404673,4,1.3,0.3,5
1,Combined_Network,0.9075,0.8946,0.0966,0.1021,0.0290919,0.0338306,7,0.0,2,7,0.0404673,4,1.3,0.3,5
2,Combined_Network,0.9247,0.924,0.0872,0.0867,0.023751,0.024393,11,0.0,3,11,0.0404673,4,1.3,0.3,5
3,Combined_Network,0.9336,0.9313,0.0821,0.0824,0.0210329,0.0220502,16,0.0,4,16,0.0404673,4,1.3,0.3,5
4,Combined_Network,0.9419,0.938,0.0771,0.0786,0.0185509,0.0200245,24,0.0,5,24,0.0404673,4,1.3,0.3,5
5,Combined_Network,0.9432,0.9394,0.0763,0.0778,0.0181641,0.0196383,30,0.0,6,30,0.0404673,4,1.3,0.3,5
6,Combined_Network,0.9438,0.94,0.0759,0.0775,0.0179523,0.0194855,39,0.0,7,39,0.0404673,4,1.3,0.3,5
7,Combined_Network,0.945,0.9413,0.0751,0.0766,0.0175957,0.0190638,43,0.0,8,43,0.0404673,4,1.3,0.3,5
8,Combined_Network,0.9454,0.9417,0.0748,0.0764,0.0174647,0.0189429,47,0.0,9,47,0.0404673,4,1.3,0.3,5
9,Combined_Network,0.9471,0.9431,0.0737,0.0755,0.0169464,0.018517,51,0.0,10,51,0.0404673,4,1.3,0.3,5
10,Combined_Network,0.9478,0.9442,0.0732,0.0748,0.0167253,0.0181667,54,0.0,11,54,0.0404673,4,1.3,0.3,5
11,Combined_Network,0.948,0.9444,0.0731,0.0747,0.0166712,0.0181103,56,0.0,12,56,0.0404673,4,1.3,0.3,5
12,Combined_Network,0.9509,0.9495,0.0711,0.0713,0.0157854,0.0165151,60,0.0,13,60,0.0404673,4,1.3,0.3,5
13,Combined_Network,0.9511,0.9499,0.071,0.0711,0.0157231,0.0163895,62,0.0,14,62,0.0404673,4,1.3,0.3,5
14,Combined_Network,0.9522,0.9511,0.0702,0.0702,0.0153561,0.0159899,66,0.0,15,66,0.0404673,4,1.3,0.3,5
15,Combined_Network,0.9559,0.9541,0.0675,0.0681,0.0142006,0.0150501,69,0.0,16,69,0.0404673,4,1.3,0.3,5
16,Combined_Network,0.9561,0.9543,0.0673,0.068,0.0141524,0.0150238,72,0.0,17,72,0.0404673,4,1.3,0.3,5
17,Combined_Network,0.9561,0.9542,0.0673,0.0681,0.0141436,0.0150447,75,0.0,18,75,0.0404673,4,1.3,0.3,5
18,Combined_Network,0.9578,0.9557,0.0661,0.067,0.0136263,0.0145854,90,0.0,19,90,0.0404673,4,1.3,0.3,5
19,Combined_Network,0.958,0.9558,0.0659,0.067,0.0135535,0.0145457,100,0.0,20,100,0.0404673,4,1.3,0.3,5
20,Combined_Network,0.958,0.9558,0.0659,0.067,0.0135536,0.0145456,102,0.0,21,102,0.0404673,4,1.3,0.3,5
21,Combined_Network,0.9584,0.9567,0.0656,0.0664,0.0134219,0.0142862,104,0.0,22,104,0.0404673,4,1.3,0.3,5
22,Combined_Network,0.9597,0.9582,0.0646,0.0653,0.0130206,0.0138338,108,0.01,23,108,0.0404673,4,1.3,0.3,5
23,Combined_Network,0.9602,0.9588,0.0642,0.0649,0.0128632,0.0136622,111,0.01,24,111,0.0404673,4,1.3,0.3,5
24,Combined_Network,0.9612,0.9597,0.0635,0.0642,0.0125664,0.013361,114,0.0,25,114,0.0404673,4,1.3,0.3,5
25,Combined_Network,0.9622,0.9607,0.0626,0.0634,0.0122409,0.013028,118,0.0,26,118,0.0404673,4,1.3,0.3,5
26,Combined_Network,0.9622,0.9607,0.0626,0.0634,0.0122398,0.013028,120,0.0,27,120,0.0404673,4,1.3,0.3,5
27,Combined_Network,0.9626,0.9611,0.0623,0.0631,0.0121215,0.0129058,122,0.01,28,122,0.0404673,4,1.3,0.3,5
28,Combined_Network,0.964,0.9633,0.0611,0.0613,0.0116592,0.0121865,124,0.0,29,124,0.0404673,4,1.3,0.3,5
29,Combined_Network,0.964,0.9633,0.0611,0.0613,0.0116562,0.0121833,126,0.0,30,126,0.0404673,4,1.3,0.3,5
30,Combined_Network,0.9655,0.9647,0.0599,0.0601,0.0111783,0.0117312,133,0.0,31,133,0.0404673,4,1.3,0.3,5
31,Combined_Network,0.9667,0.966,0.0589,0.059,0.0108125,0.011292,137,0.01,32,137,0.0404673,4,1.3,0.3,5
32,Combined_Network,0.9703,0.9692,0.0557,0.0562,0.0096702,0.0102635,144,0.01,33,144,0.0404673,4,1.3,0.3,5
33,Combined_Network,0.9703,0.9692,0.0557,0.0562,0.0096667,0.0102585,146,0.0,34,146,0.0404673,4,1.3,0.3,5
34,Combined_Network,0.9704,0.9693,0.0555,0.0562,0.0096207,0.0102315,150,0.0,35,150,0.0404673,4,1.3,0.3,5
35,Combined_Network,0.9705,0.9693,0.0555,0.0561,0.0096197,0.010231,153,0.0,36,153,0.0404673,4,1.3,0.3,5
36,Combined_Network,0.9707,0.9694,0.0553,0.0561,0.0095502,0.0102048,157,0.01,37,157,0.0404673,4,1.3,0.3,5
37,Combined_Network,0.9709,0.9697,0.0551,0.0558,0.009484,0.0101066,163,0.0,38,163,0.0404673,4,1.3,0.3,5
38,Combined_Network,0.9709,0.9697,0.0551,0.0558,0.0094794,0.0101006,166,0.0,39,166,0.0404673,4,1.3,0.3,5
39,Combined_Network,0.9719,0.9697,0.0542,0.0558,0.009153,0.0101062,168,0.0,40,168,0.0404673,4,1.3,0.3,5
40,Combined_Network,0.9728,0.9706,0.0533,0.055,0.0088772,0.0098104,177,0.01,41,177,0.0404673,4,1.3,0.3,5
41,Combined_Network,0.9734,0.9713,0.0527,0.0543,0.0086726,0.0095824,183,0.01,42,183,0.0404673,4,1.3,0.3,5
42,Combined_Network,0.9734,0.9713,0.0527,0.0543,0.008672,0.0095815,186,0.01,43,186,0.0404673,4,1.3,0.3,5
43,Combined_Network,0.9735,0.9711,0.0526,0.0545,0.0086474,0.0096286,191,0.01,44,191,0.0404673,4,1.3,0.3,5
44,Combined_Network,0.9736,0.9712,0.0525,0.0544,0.0086047,0.0096054,195,0.01,45,195,0.0404673,4,1.3,0.3,5
45,Combined_Network,0.9746,0.9724,0.0515,0.0532,0.0082743,0.0091925,207,0.01,46,207,0.0404673,4,1.3,0.3,5
46,Combined_Network,0.9758,0.9741,0.0504,0.0517,0.0079127,0.0086607,211,0.01,47,211,0.0404673,4,1.3,0.3,5
47,Combined_Network,0.9759,0.9744,0.0502,0.0514,0.0078597,0.0085681,215,0.01,48,215,0.0404673,4,1.3,0.3,5
48,Combined_Network,0.9759,0.9744,0.0502,0.0514,0.0078589,0.0085763,218,0.01,49,218,0.0404673,4,1.3,0.3,5
49,Combined_Network,0.977,0.9756,0.0491,0.0502,0.0075127,0.0081773,220,0.01,50,220,0.0404673,4,1.3,0.3,5
50,Combined_Network,0.977,0.9756,0.0491,0.0502,0.007529,0.0081782,222,0.01,51,222,0.0404673,4,1.3,0.3,5
51,Combined_Network,0.9779,0.9769,0.0482,0.0489,0.0072395,0.0077588,239,0.01,52,239,0.0404673,4,1.3,0.3,5
52,Combined_Network,0.9783,0.9774,0.0478,0.0484,0.0071179,0.0075914,244,0.01,53,244,0.0404673,4,1.3,0.3,5
53,Combined_Network,0.9783,0.9774,0.0478,0.0484,0.0071173,0.0075903,246,0.01,54,246,0.0404673,4,1.3,0.3,5
54,Combined_Network,0.98,0.9797,0.0459,0.0458,0.0065689,0.0068112,252,0.01,55,252,0.0404673,4,1.3,0.3,5
55,Combined_Network,0.98,0.9797,0.0459,0.0458,0.0065684,0.0068107,254,0.01,56,254,0.0404673,4,1.3,0.3,5
56,Combined_Network,0.98,0.9797,0.0459,0.0458,0.0065674,0.0068099,256,0.01,57,256,0.0404673,4,1.3,0.3,5
57,Combined_Network,0.9801,0.9799,0.0457,0.0457,0.0065215,0.0067701,264,0.09,58,264,0.0404673,4,1.3,0.3,5
58,Combined_Network,0.9801,0.9799,0.0457,0.0457,0.0065207,0.0067692,266,0.05,59,266,0.0404673,4,1.3,0.3,5
59,Combined_Network,0.9815,0.9814,0.0442,0.0435,0.0060823,0.0061334,269,0.01,60,269,0.0404673,4,1.3,0.3,5
60,Combined_Network,0.9815,0.9815,0.0441,0.0434,0.0060678,0.0061117,272,0.01,61,272,0.0404673,4,1.3,0.3,5
61,Combined_Network,0.9815,0.9815,0.0441,0.0434,0.0060662,0.0061112,275,0.01,62,275,0.0404673,4,1.3,0.3,5
62,Combined_Network,0.9819,0.9818,0.0437,0.043,0.0059463,0.0059978,296,0.01,63,296,0.0404673,4,1.3,0.3,5
63,Combined_Network,0.9828,0.9824,0.0426,0.0423,0.0056691,0.0057999,303,0.01,64,303,0.0404673,4,1.3,0.3,5
64,Combined_Network,0.9828,0.9824,0.0426,0.0423,0.0056666,0.0057967,305,0.02,65,305,0.0404673,4,1.3,0.3,5
65,Combined_Network,0.9829,0.9826,0.0425,0.0421,0.0056357,0.0057425,310,0.02,66,310,0.0404673,4,1.3,0.3,5
66,Combined_Network,0.9829,0.9826,0.0425,0.0421,0.0056359,0.0057404,313,0.01,67,313,0.0404673,4,1.3,0.3,5
67,Combined_Network,0.9831,0.9828,0.0422,0.0418,0.0055477,0.0056646,320,0.01,68,320,0.0404673,4,1.3,0.3,5
68,Combined_Network,0.9832,0.9829,0.0421,0.0418,0.0055417,0.0056622,323,0.01,69,323,0.0404673,4,1.3,0.3,5
69,Combined_Network,0.9832,0.9829,0.0421,0.0418,0.0055416,0.0056622,326,0.01,70,326,0.0404673,4,1.3,0.3,5
70,Combined_Network,0.9832,0.9829,0.0421,0.0418,0.0055415,0.0056621,329,0.01,71,329,0.0404673,4,1.3,0.3,5
71,Combined_Network,0.9832,0.983,0.0421,0.0416,0.0055183,0.0056284,332,0.01,72,332,0.0404673,4,1.3,0.3,5
72,Combined_Network,0.9832,0.983,0.042,0.0416,0.0055162,0.0056257,334,0.01,73,334,0.0404673,4,1.3,0.3,5
73,Combined_Network,0.9832,0.983,0.042,0.0416,0.0055145,0.0056236,339,0.01,74,339,0.0404673,4,1.3,0.3,5
74,Combined_Network,0.9833,0.983,0.042,0.0416,0.0055072,0.0056247,342,0.01,75,342,0.0404673,4,1.3,0.3,5
75,Combined_Network,0.9841,0.9842,0.0409,0.0401,0.0052293,0.005219,355,0.01,76,355,0.0404673,4,1.3,0.3,5
76,Combined_Network,0.9854,0.9853,0.0393,0.0386,0.0048136,0.0048446,357,0.01,77,357,0.0404673,4,1.3,0.3,5
77,Combined_Network,0.9854,0.9853,0.0393,0.0387,0.0048183,0.0048544,359,0.01,78,359,0.0404673,4,1.3,0.3,5
78,Combined_Network,0.9856,0.9854,0.039,0.0385,0.0047404,0.0048209,364,0.02,79,364,0.0404673,4,1.3,0.3,5
79,Combined_Network,0.9857,0.9855,0.0388,0.0384,0.0047003,0.0047771,367,0.01,80,367,0.0404673,4,1.3,0.3,5
80,Combined_Network,0.9857,0.9855,0.0388,0.0384,0.0046984,0.0047771,370,0.01,81,370,0.0404673,4,1.3,0.3,5
81,Combined_Network,0.9857,0.9855,0.0388,0.0384,0.0046984,0.0047771,372,0.01,82,372,0.0404673,4,1.3,0.3,5
82,Combined_Network,0.9857,0.9855,0.0388,0.0384,0.0046966,0.0047751,374,0.01,83,374,0.0404673,4,1.3,0.3,5
83,Combined_Network,0.9858,0.9856,0.0387,0.0383,0.0046683,0.0047647,381,0.02,84,381,0.0404673,4,1.3,0.3,5
84,Combined_Network,0.9861,0.9861,0.0384,0.0376,0.0045902,0.0045992,386,0.02,85,386,0.0404673,4,1.3,0.3,5
85,Combined_Network,0.9861,0.9861,0.0384,0.0376,0.0045896,0.0045988,388,0.02,86,388,0.0404673,4,1.3,0.3,5
86,Combined_Network,0.9861,0.9861,0.0383,0.0376,0.0045756,0.0045976,391,0.02,87,391,0.0404673,4,1.3,0.3,5
87,Combined_Network,0.9861,0.9861,0.0383,0.0377,0.0045767,0.0046062,395,0.02,88,395,0.0404673,4,1.3,0.3,5
88,Combined_Network,0.9865,0.9866,0.0378,0.037,0.0044555,0.0044443,402,0.02,89,402,0.0404673,4,1.3,0.3,5
89,Combined_Network,0.9865,0.9866,0.0378,0.037,0.0044553,0.004444,404,0.02,90,404,0.0404673,4,1.3,0.3,5
90,Combined_Network,0.9865,0.9866,0.0378,0.037,0.0044553,0.004444,406,0.02,91,406,0.0404673,4,1.3,0.3,5
91,Combined_Network,0.9865,0.9866,0.0377,0.0369,0.0044336,0.0044237,408,0.01,92,408,0.0404673,4,1.3,0.3,5
92,Combined_Network,0.9865,0.9866,0.0377,0.0369,0.004433,0.0044275,421,0.01,93,421,0.0404673,4,1.3,0.3,5
93,Combined_Network,0.9865,0.9866,0.0377,0.0369,0.0044304,0.0044233,424,0.01,94,424,0.0404673,4,1.3,0.3,5
94,Combined_Network,0.9866,0.9864,0.0376,0.0373,0.0044126,0.0045136,428,0.02,95,428,0.0404673,4,1.3,0.3,5
95,Combined_Network,0.9866,0.9865,0.0376,0.0371,0.0044003,0.0044756,433,0.02,96,433,0.0404673,4,1.3,0.3,5
96,Combined_Network,0.9866,0.9865,0.0376,0.0371,0.004401,0.0044753,435,0.02,97,435,0.0404673,4,1.3,0.3,5
97,Combined_Network,0.9866,0.9865,0.0376,0.0371,0.0044008,0.0044754,437,0.02,98,437,0.0404673,4,1.3,0.3,5
98,Combined_Network,0.9867,0.9865,0.0375,0.0371,0.004394,0.0044714,439,0.03,99,439,0.0404673,4,1.3,0.3,5
99,Combined_Network,0.9866,0.9865,0.0375,0.0371,0.0043956,0.0044777,441,0.02,100,441,0.0404673,4,1.3,0.3,5
100,Combined_Network,0.9869,0.9867,0.0372,0.0369,0.0043117,0.0044214,450,0.02,101,450,0.0404673,4,1.3,0.3,5
101,Combined_Network,0.987,0.9867,0.0371,0.0369,0.0042969,0.0044091,459,0.02,102,459,0.0404673,4,1.3,0.3,5
102,Combined_Network,0.9872,0.9871,0.0367,0.0363,0.0042075,0.0042729,464,0.02,103,464,0.0404673,4,1.3,0.3,5
103,Combined_Network,0.9875,0.9875,0.0364,0.0357,0.004128,0.0041442,483,0.02,104,483,0.0404673,4,1.3,0.3,5
104,Combined_Network,0.9875,0.9876,0.0363,0.0356,0.0041177,0.0041156,490,0.02,105,490,0.0404673,4,1.3,0.3,5
105,Combined_Network,0.9877,0.9879,0.036,0.0352,0.0040431,0.0040259,495,0.03,106,495,0.0404673,4,1.3,0.3,5
106,Combined_Network,0.9877,0.9879,0.036,0.0352,0.0040427,0.0040256,498,0.02,107,498,0.0404673,4,1.3,0.3,5
107,Combined_Network,0.9878,0.988,0.036,0.0351,0.0040333,0.0039886,503,0.02,108,503,0.0404673,4,1.3,0.3,5
108,Combined_Network,0.9878,0.988,0.0359,0.0351,0.0040321,0.0039876,506,0.03,109,506,0.0404673,4,1.3,0.3,5
109,Combined_Network,0.9878,0.988,0.0359,0.0351,0.0040317,0.0039872,509,0.02,110,509,0.0404673,4,1.3,0.3,5
110,Combined_Network,0.9878,0.988,0.0359,0.035,0.0040215,0.0039746,518,0.03,111,518,0.0404673,4,1.3,0.3,5
111,Combined_Network,0.9878,0.988,0.0359,0.035,0.0040196,0.003986,523,0.02,112,523,0.0404673,4,1.3,0.3,5
112,Combined_Network,0.9879,0.9881,0.0357,0.0349,0.0039769,0.0039588,532,0.02,113,532,0.0404673,4,1.3,0.3,5
113,Combined_Network,0.9879,0.9881,0.0357,0.0349,0.003977,0.0039585,534,0.02,114,534,0.0404673,4,1.3,0.3,5
114,Combined_Network,0.9879,0.9881,0.0357,0.0349,0.0039743,0.0039537,539,0.03,115,539,0.0404673,4,1.3,0.3,5
115,Combined_Network,0.988,0.9882,0.0356,0.0348,0.0039453,0.0039249,553,0.03,116,553,0.0404673,4,1.3,0.3,5
116,Combined_Network,0.9882,0.9882,0.0353,0.0348,0.0038923,0.003925,557,0.03,117,557,0.0404673,4,1.3,0.3,5
117,Combined_Network,0.9882,0.9882,0.0353,0.0347,0.0038814,0.003916,562,0.03,118,562,0.0404673,4,1.3,0.3,5
118,Combined_Network,0.9883,0.9883,0.0352,0.0346,0.0038565,0.0038921,573,0.03,119,573,0.0404673,4,1.3,0.3,5
119,Combined_Network,0.9884,0.9883,0.035,0.0345,0.0038306,0.0038665,576,0.03,120,576,0.0404673,4,1.3,0.3,5
120,Combined_Network,0.9884,0.9884,0.035,0.0344,0.0038155,0.0038391,579,0.02,121,579,0.0404673,4,1.3,0.3,5
121,Combined_Network,0.9884,0.9884,0.0349,0.0344,0.0038095,0.0038403,582,0.02,122,582,0.0404673,4,1.3,0.3,5
122,Combined_Network,0.9891,0.9891,0.0339,0.0334,0.0035803,0.0036197,590,0.03,123,590,0.0404673,4,1.3,0.3,5
123,Combined_Network,0.9891,0.9891,0.0339,0.0334,0.0035794,0.0036192,592,0.03,124,592,0.0404673,4,1.3,0.3,5
124,Combined_Network,0.9892,0.9891,0.0338,0.0333,0.0035675,0.0036061,597,0.03,125,597,0.0404673,4,1.3,0.3,5
125,Combined_Network,0.9892,0.9891,0.0338,0.0333,0.003559,0.0036008,600,0.03,126,600,0.0404673,4,1.3,0.3,5
126,Combined_Network,0.9892,0.9891,0.0338,0.0333,0.0035586,0.0036003,603,0.03,127,603,0.0404673,4,1.3,0.3,5
127,Combined_Network,0.9892,0.9891,0.0338,0.0333,0.0035585,0.0036003,605,0.04,128,605,0.0404673,4,1.3,0.3,5
128,Combined_Network,0.9893,0.9892,0.0337,0.0333,0.0035425,0.0035947,613,0.03,129,613,0.0404673,4,1.3,0.3,5
129,Combined_Network,0.9893,0.9892,0.0336,0.0333,0.0035284,0.0035946,624,0.03,130,624,0.0404673,4,1.3,0.3,5
130,Combined_Network,0.9893,0.9892,0.0336,0.0333,0.0035281,0.0035923,626,0.03,131,626,0.0404673,4,1.3,0.3,5
131,Combined_Network,0.9893,0.9892,0.0336,0.0332,0.0035256,0.0035873,629,0.03,132,629,0.0404673,4,1.3,0.3,5
132,Combined_Network,0.9894,0.9892,0.0335,0.0333,0.0034986,0.0035878,635,0.04,133,635,0.0404673,4,1.3,0.3,5
133,Combined_Network,0.9894,0.9892,0.0334,0.0333,0.0034901,0.0035951,640,0.06,134,640,0.0404673,4,1.3,0.3,5
134,Combined_Network,0.9894,0.9892,0.0334,0.0333,0.0034859,0.0035891,646,0.03,135,646,0.0404673,4,1.3,0.3,5
135,Combined_Network,0.9894,0.9892,0.0334,0.0333,0.0034861,0.0035896,648,0.03,136,648,0.0404673,4,1.3,0.3,5
136,Combined_Network,0.9895,0.9892,0.0333,0.0332,0.0034656,0.0035836,653,0.04,137,653,0.0404673,4,1.3,0.3,5
137,Combined_Network,0.9895,0.9892,0.0333,0.0332,0.0034653,0.0035834,655,0.05,138,655,0.0404673,4,1.3,0.3,5
138,Combined_Network,0.9895,0.9892,0.0333,0.0332,0.0034602,0.0035794,667,0.05,139,667,0.0404673,4,1.3,0.3,5
139,Combined_Network,0.9897,0.9894,0.033,0.0329,0.0033977,0.0035089,672,0.03,140,672,0.0404673,4,1.3,0.3,5
140,Combined_Network,0.9897,0.9894,0.033,0.0329,0.0033955,0.0035087,675,0.04,141,675,0.0404673,4,1.3,0.3,5
141,Combined_Network,0.9898,0.9895,0.0329,0.0328,0.0033751,0.0034838,686,0.04,142,686,0.0404673,4,1.3,0.3,5
142,Combined_Network,0.9898,0.9896,0.0329,0.0327,0.0033708,0.0034634,690,0.04,143,690,0.0404673,4,1.3,0.3,5
143,Combined_Network,0.9899,0.9896,0.0327,0.0326,0.0033436,0.0034381,695,0.04,144,695,0.0404673,4,1.3,0.3,5
144,Combined_Network,0.9899,0.9897,0.0327,0.0325,0.0033342,0.0034306,699,0.04,145,699,0.0404673,4,1.3,0.3,5
145,Combined_Network,0.9899,0.9897,0.0326,0.0325,0.0033244,0.0034207,704,0.04,146,704,0.0404673,4,1.3,0.3,5
146,Combined_Network,0.9899,0.9897,0.0326,0.0325,0.003321,0.0034179,708,0.04,147,708,0.0404673,4,1.3,0.3,5
147,Combined_Network,0.99,0.9898,0.0326,0.0324,0.0033063,0.0033999,711,0.05,148,711,0.0404673,4,1.3,0.3,5
148,Combined_Network,0.9901,0.9899,0.0324,0.0322,0.0032832,0.0033571,713,0.04,149,713,0.0404673,4,1.3,0.3,5
149,Combined_Network,0.9901,0.9899,0.0324,0.0322,0.0032756,0.0033599,716,0.04,150,716,0.0404673,4,1.3,0.3,5
150,Combined_Network,0.9901,0.9899,0.0323,0.0321,0.003265,0.0033532,720,0.03,151,720,0.0404673,4,1.3,0.3,5
151,Combined_Network,0.9901,0.9899,0.0324,0.0322,0.0032663,0.0033542,722,0.03,152,722,0.0404673,4,1.3,0.3,5
152,Combined_Network,0.9903,0.99,0.0321,0.0319,0.0032108,0.0033125,725,0.04,153,725,0.0404673,4,1.3,0.3,5
153,Combined_Network,0.9903,0.99,0.0321,0.0319,0.0032098,0.0033084,729,0.04,154,729,0.0404673,4,1.3,0.3,5
154,Combined_Network,0.9903,0.99,0.0321,0.0319,0.0032093,0.0033082,732,0.05,155,732,0.0404673,4,1.3,0.3,5
155,Combined_Network,0.9904,0.9901,0.0319,0.0318,0.003172,0.0032755,741,0.05,156,741,0.0404673,4,1.3,0.3,5
156,Combined_Network,0.9905,0.9903,0.0317,0.0316,0.0031386,0.0032365,746,0.04,157,746,0.0404673,4,1.3,0.3,5
157,Combined_Network,0.9905,0.9903,0.0317,0.0315,0.0031276,0.003219,749,0.06,158,749,0.0404673,4,1.3,0.3,5
158,Combined_Network,0.9906,0.9903,0.0316,0.0315,0.003115,0.0032145,759,0.05,159,759,0.0404673,4,1.3,0.3,5
159,Combined_Network,0.9906,0.9905,0.0315,0.0312,0.0030925,0.0031548,768,0.05,160,768,0.0404673,4,1.3,0.3,5
160,Combined_Network,0.9906,0.9905,0.0315,0.0312,0.0030896,0.0031513,772,0.05,161,772,0.0404673,4,1.3,0.3,5
161,Combined_Network,0.9907,0.9906,0.0314,0.0311,0.0030786,0.0031339,779,0.05,162,779,0.0404673,4,1.3,0.3,5
162,Combined_Network,0.9907,0.9906,0.0314,0.031,0.0030727,0.0031218,806,0.05,163,806,0.0404673,4,1.3,0.3,5
163,Combined_Network,0.9907,0.9906,0.0314,0.031,0.0030732,0.0031272,810,0.06,164,810,0.0404673,4,1.3,0.3,5
164,Combined_Network,0.9907,0.9906,0.0314,0.031,0.0030721,0.0031283,812,0.06,165,812,0.0404673,4,1.3,0.3,5
165,Combined_Network,0.9907,0.9906,0.0314,0.031,0.0030694,0.0031254,817,0.06,166,817,0.0404673,4,1.3,0.3,5
166,Combined_Network,0.9907,0.9906,0.0314,0.031,0.0030681,0.0031262,819,0.06,167,819,0.0404673,4,1.3,0.3,5
167,Combined_Network,0.991,0.9906,0.0309,0.0311,0.0029804,0.0031377,830,0.06,168,830,0.0404673,4,1.3,0.3,5
168,Combined_Network,0.9911,0.9907,0.0307,0.0309,0.0029427,0.0031013,837,0.06,169,837,0.0404673,4,1.3,0.3,5
169,Combined_Network,0.9911,0.9907,0.0306,0.0309,0.0029288,0.0030928,848,0.06,170,848,0.0404673,4,1.3,0.3,5
170,Combined_Network,0.9912,0.9908,0.0305,0.0307,0.0029073,0.0030619,851,0.07,171,851,0.0404673,4,1.3,0.3,5
171,Combined_Network,0.9912,0.9909,0.0305,0.0306,0.0028991,0.0030452,863,0.07,172,863,0.0404673,4,1.3,0.3,5
172,Combined_Network,0.9912,0.991,0.0305,0.0305,0.0028941,0.0030113,865,0.06,173,865,0.0404673,4,1.3,0.3,5
173,Combined_Network,0.9912,0.991,0.0304,0.0305,0.0028928,0.0030117,867,0.07,174,867,0.0404673,4,1.3,0.3,5
174,Combined_Network,0.9912,0.9909,0.0305,0.0306,0.0028958,0.0030296,870,0.06,175,870,0.0404673,4,1.3,0.3,5
175,Combined_Network,0.9913,0.9909,0.0304,0.0306,0.0028871,0.003031,881,0.06,176,881,0.0404673,4,1.3,0.3,5
176,Combined_Network,0.9914,0.991,0.0301,0.0303,0.0028328,0.0029865,885,0.08,177,885,0.0404673,4,1.3,0.3,5
177,Combined_Network,0.9914,0.9911,0.0301,0.0303,0.0028254,0.0029758,892,0.07,178,892,0.0404673,4,1.3,0.3,5
178,Combined_Network,0.9914,0.9911,0.0301,0.0303,0.0028248,0.0029761,894,0.07,179,894,0.0404673,4,1.3,0.3,5
179,Combined_Network,0.9914,0.9911,0.0301,0.0303,0.0028248,0.002976,896,0.08,180,896,0.0404673,4,1.3,0.3,5
180,Combined_Network,0.9915,0.9911,0.0301,0.0303,0.0028189,0.0029843,899,0.08,181,899,0.0404673,4,1.3,0.3,5
181,Combined_Network,0.9915,0.991,0.03,0.0303,0.0028162,0.0029862,902,0.08,182,902,0.0404673,4,1.3,0.3,5
182,Combined_Network,0.9915,0.9911,0.03,0.0303,0.0028098,0.002985,908,0.07,183,908,0.0404673,4,1.3,0.3,5
183,Combined_Network,0.9917,0.9914,0.0296,0.0297,0.0027305,0.0028587,912,0.06,184,912,0.0404673,4,1.3,0.3,5
184,Combined_Network,0.9917,0.9914,0.0295,0.0296,0.0027236,0.0028487,928,0.09,185,928,0.0404673,4,1.3,0.3,5
185,Combined_Network,0.9918,0.9914,0.0295,0.0296,0.0027205,0.0028493,932,0.08,186,932,0.0404673,4,1.3,0.3,5
186,Combined_Network,0.9918,0.9914,0.0295,0.0296,0.0027173,0.0028469,939,0.07,187,939,0.0404673,4,1.3,0.3,5
187,Combined_Network,0.9918,0.9915,0.0295,0.0296,0.0027088,0.0028388,944,0.09,188,944,0.0404673,4,1.3,0.3,5
188,Combined_Network,0.9918,0.9915,0.0294,0.0295,0.0026938,0.0028193,950,0.07,189,950,0.0404673,4,1.3,0.3,5
189,Combined_Network,0.9919,0.9915,0.0293,0.0295,0.0026754,0.002817,976,0.08,190,976,0.0404673,4,1.3,0.3,5
190,Combined_Network,0.9919,0.9916,0.0292,0.0294,0.0026575,0.0028025,980,0.09,191,980,0.0404673,4,1.3,0.3,5
191,Combined_Network,0.992,0.9916,0.0291,0.0293,0.0026418,0.002783,994,0.08,192,994,0.0404673,4,1.3,0.3,5
192,Combined_Network,0.992,0.9917,0.029,0.0292,0.0026286,0.0027656,1004,0.07,193,1004,0.0404673,4,1.3,0.3,5
193,Combined_Network,0.9922,0.9918,0.0288,0.0289,0.002583,0.0027095,1021,0.1,194,1021,0.0404673,4,1.3,0.3,5
194,Combined_Network,0.9922,0.9918,0.0287,0.0289,0.0025788,0.0027074,1024,0.12,195,1024,0.0404673,4,1.3,0.3,5
195,Combined_Network,0.9922,0.9918,0.0287,0.0289,0.0025788,0.0027074,1026,0.09,196,1026,0.0404673,4,1.3,0.3,5
196,Combined_Network,0.9922,0.9919,0.0287,0.0289,0.002577,0.0027034,1028,0.09,197,1028,0.0404673,4,1.3,0.3,5
197,Combined_Network,0.9922,0.9919,0.0287,0.0289,0.0025768,0.0027032,1031,0.08,198,1031,0.0404673,4,1.3,0.3,5
198,Combined_Network,0.9922,0.9919,0.0287,0.0289,0.0025768,0.0027032,1033,0.08,199,1033,0.0404673,4,1.3,0.3,5
199,Combined_Network,0.9923,0.9918,0.0285,0.0289,0.0025321,0.002711,1038,0.09,200,1038,0.0404673,4,1.3,0.3,5
200,Combined_Network,0.9923,0.9918,0.0285,0.0289,0.0025285,0.0027109,1047,0.1,201,1047,0.0404673,4,1.3,0.3,5
201,Combined_Network,0.9923,0.9918,0.0285,0.0289,0.0025285,0.0027108,1049,0.1,202,1049,0.0404673,4,1.3,0.3,5
202,Combined_Network,0.9924,0.9919,0.0283,0.0288,0.0025014,0.0026831,1055,0.1,203,1055,0.0404673,4,1.3,0.3,5
203,Combined_Network,0.9924,0.9919,0.0283,0.0287,0.002498,0.0026719,1058,0.09,204,1058,0.0404673,4,1.3,0.3,5
204,Combined_Network,0.9924,0.9919,0.0283,0.0287,0.0024979,0.0026718,1060,0.1,205,1060,0.0404673,4,1.3,0.3,5
205,Combined_Network,0.9924,0.992,0.0283,0.0287,0.0024954,0.0026672,1069,0.1,206,1069,0.0404673,4,1.3,0.3,5
206,Combined_Network,0.9926,0.9922,0.0279,0.0282,0.0024327,0.002588,1094,0.1,207,1094,0.0404673,4,1.3,0.3,5
207,Combined_Network,0.9926,0.9922,0.0279,0.0282,0.0024302,0.0025757,1100,0.1,208,1100,0.0404673,4,1.3,0.3,5
208,Combined_Network,0.9927,0.9923,0.0278,0.0281,0.0024145,0.0025556,1106,0.12,209,1106,0.0404673,4,1.3,0.3,5
209,Combined_Network,0.9927,0.9923,0.0277,0.0281,0.0024019,0.0025535,1112,0.09,210,1112,0.0404673,4,1.3,0.3,5
210,Combined_Network,0.9927,0.9923,0.0277,0.0281,0.0023998,0.0025546,1122,0.12,211,1122,0.0404673,4,1.3,0.3,5
211,Combined_Network,0.9928,0.9924,0.0276,0.0279,0.0023856,0.002527,1125,0.1,212,1125,0.0404673,4,1.3,0.3,5
212,Combined_Network,0.9929,0.9926,0.0274,0.0276,0.0023507,0.0024697,1128,0.1,213,1128,0.0404673,4,1.3,0.3,5
213,Combined_Network,0.9929,0.9926,0.0273,0.0275,0.0023338,0.0024537,1143,0.12,214,1143,0.0404673,4,1.3,0.3,5
214,Combined_Network,0.9931,0.9927,0.0271,0.0273,0.0022937,0.0024256,1148,0.12,215,1148,0.0404673,4,1.3,0.3,5
215,Combined_Network,0.9931,0.9927,0.027,0.0273,0.0022784,0.0024157,1152,0.1,216,1152,0.0404673,4,1.3,0.3,5
216,Combined_Network,0.9932,0.9927,0.0269,0.0273,0.0022587,0.002414,1159,0.12,217,1159,0.0404673,4,1.3,0.3,5
217,Combined_Network,0.9932,0.9927,0.0269,0.0272,0.002264,0.0024083,1165,0.11,218,1165,0.0404673,4,1.3,0.3,5
218,Combined_Network,0.9932,0.9928,0.0269,0.0272,0.0022502,0.0024028,1171,0.11,219,1171,0.0404673,4,1.3,0.3,5
219,Combined_Network,0.9932,0.9928,0.0269,0.0272,0.0022501,0.0024026,1173,0.11,220,1173,0.0404673,4,1.3,0.3,5
220,Combined_Network,0.9932,0.9928,0.0268,0.0272,0.0022486,0.0024029,1177,0.1,221,1177,0.0404673,4,1.3,0.3,5
221,Combined_Network,0.9932,0.9928,0.0268,0.0272,0.0022485,0.0024026,1179,0.11,222,1179,0.0404673,4,1.3,0.3,5
222,Combined_Network,0.9932,0.9928,0.0268,0.0272,0.0022477,0.0024018,1183,0.11,223,1183,0.0404673,4,1.3,0.3,5
223,Combined_Network,0.9932,0.9928,0.0268,0.0272,0.0022477,0.0024018,1185,0.12,224,1185,0.0404673,4,1.3,0.3,5
224,Combined_Network,0.9932,0.9928,0.0267,0.0272,0.0022321,0.002394,1190,0.1,225,1190,0.0404673,4,1.3,0.3,5
225,Combined_Network,0.9933,0.9929,0.0266,0.027,0.0022085,0.0023679,1203,0.14,226,1203,0.0404673,4,1.3,0.3,5
226,Combined_Network,0.9933,0.9929,0.0266,0.0269,0.0022031,0.0023509,1209,0.12,227,1209,0.0404673,4,1.3,0.3,5
227,Combined_Network,0.9933,0.9929,0.0266,0.0269,0.0022047,0.0023433,1218,0.11,228,1218,0.0404673,4,1.3,0.3,5
228,Combined_Network,0.9933,0.9929,0.0266,0.0269,0.0022039,0.0023418,1220,0.11,229,1220,0.0404673,4,1.3,0.3,5
229,Combined_Network,0.9934,0.993,0.0265,0.0268,0.0021942,0.0023359,1236,0.19,230,1236,0.0404673,4,1.3,0.3,5
230,Combined_Network,0.9934,0.993,0.0265,0.0267,0.0021845,0.0023163,1251,0.17,231,1251,0.0404673,4,1.3,0.3,5
231,Combined_Network,0.9935,0.993,0.0263,0.0267,0.0021582,0.0023153,1264,0.13,232,1264,0.0404673,4,1.3,0.3,5
232,Combined_Network,0.9935,0.993,0.0263,0.0267,0.002157,0.0023157,1269,0.12,233,1269,0.0404673,4,1.3,0.3,5
233,Combined_Network,0.9935,0.9931,0.0262,0.0266,0.0021409,0.0023032,1273,0.12,234,1273,0.0404673,4,1.3,0.3,5
234,Combined_Network,0.9937,0.993,0.0259,0.0267,0.0020946,0.0023215,1278,0.12,235,1278,0.0404673,4,1.3,0.3,5
235,Combined_Network,0.9937,0.993,0.0258,0.0268,0.0020724,0.0023227,1284,0.12,236,1284,0.0404673,4,1.3,0.3,5
236,Combined_Network,0.9937,0.993,0.0258,0.0267,0.0020693,0.002319,1310,0.12,237,1310,0.0404673,4,1.3,0.3,5
237,Combined_Network,0.9938,0.9931,0.0257,0.0266,0.0020535,0.0022994,1320,0.16,238,1320,0.0404673,4,1.3,0.3,5
238,Combined_Network,0.9938,0.9931,0.0256,0.0266,0.0020529,0.0022981,1322,0.14,239,1322,0.0404673,4,1.3,0.3,5
239,Combined_Network,0.9939,0.9932,0.0254,0.0263,0.0020209,0.0022384,1326,0.19,240,1326,0.0404673,4,1.3,0.3,5
240,Combined_Network,0.9939,0.9932,0.0254,0.0263,0.0020133,0.0022484,1331,0.17,241,1331,0.0404673,4,1.3,0.3,5
241,Combined_Network,0.9939,0.9933,0.0254,0.0262,0.0020078,0.0022356,1342,0.14,242,1342,0.0404673,4,1.3,0.3,5
242,Combined_Network,0.994,0.9934,0.0253,0.026,0.0019938,0.0021915,1348,0.16,243,1348,0.0404673,4,1.3,0.3,5
243,Combined_Network,0.994,0.9933,0.0252,0.0263,0.0019798,0.002238,1352,0.15,244,1352,0.0404673,4,1.3,0.3,5
244,Combined_Network,0.994,0.9933,0.0251,0.0262,0.0019713,0.0022232,1375,0.16,245,1375,0.0404673,4,1.3,0.3,5
245,Combined_Network,0.994,0.9933,0.0251,0.0262,0.0019712,0.0022231,1377,0.15,246,1377,0.0404673,4,1.3,0.3,5
246,Combined_Network,0.9941,0.9934,0.0249,0.026,0.001939,0.0022002,1381,0.13,247,1381,0.0404673,4,1.3,0.3,5
247,Combined_Network,0.9941,0.9934,0.0249,0.026,0.001939,0.0022002,1383,0.15,248,1383,0.0404673,4,1.3,0.3,5
248,Combined_Network,0.9941,0.9934,0.0249,0.026,0.001938,0.002198,1385,0.15,249,1385,0.0404673,4,1.3,0.3,5
249,Combined_Network,0.9942,0.9934,0.0248,0.026,0.0019212,0.0021908,1390,0.14,250,1390,0.0404673,4,1.3,0.3,5
250,Combined_Network,0.9942,0.9934,0.0248,0.0259,0.0019152,0.0021823,1401,0.18,251,1401,0.0404673,4,1.3,0.3,5
251,Combined_Network,0.9942,0.9934,0.0248,0.0259,0.0019151,0.002182,1403,0.16,252,1403,0.0404673,4,1.3,0.3,5
252,Combined_Network,0.9943,0.9935,0.0247,0.0259,0.001896,0.0021737,1407,0.15,253,1407,0.0404673,4,1.3,0.3,5
253,Combined_Network,0.9943,0.9935,0.0246,0.0259,0.001895,0.0021716,1409,0.17,254,1409,0.0404673,4,1.3,0.3,5
254,Combined_Network,0.9943,0.9935,0.0246,0.0259,0.0018925,0.0021703,1411,0.15,255,1411,0.0404673,4,1.3,0.3,5
255,Combined_Network,0.9943,0.9935,0.0245,0.0258,0.0018805,0.0021544,1417,0.16,256,1417,0.0404673,4,1.3,0.3,5
256,Combined_Network,0.9943,0.9935,0.0245,0.0258,0.0018795,0.0021533,1419,0.16,257,1419,0.0404673,4,1.3,0.3,5
257,Combined_Network,0.9943,0.9935,0.0245,0.0258,0.0018797,0.0021568,1425,0.16,258,1425,0.0404673,4,1.3,0.3,5
258,Combined_Network,0.9943,0.9936,0.0245,0.0256,0.0018702,0.002128,1435,0.17,259,1435,0.0404673,4,1.3,0.3,5
259,Combined_Network,0.9943,0.9936,0.0245,0.0256,0.0018705,0.002129,1446,0.16,260,1446,0.0404673,4,1.3,0.3,5
260,Combined_Network,0.9945,0.9938,0.0241,0.0252,0.0018144,0.0020654,1462,0.18,261,1462,0.0404673,4,1.3,0.3,5
261,Combined_Network,0.9946,0.9939,0.0239,0.0249,0.00178,0.0020158,1473,0.17,262,1473,0.0404673,4,1.3,0.3,5
262,Combined_Network,0.9947,0.994,0.0238,0.0249,0.0017694,0.0020072,1480,0.18,263,1480,0.0404673,4,1.3,0.3,5
263,Combined_Network,0.9947,0.994,0.0238,0.0248,0.0017631,0.0019907,1484,0.17,264,1484,0.0404673,4,1.3,0.3,5
264,Combined_Network,0.9948,0.9941,0.0236,0.0247,0.0017334,0.0019745,1514,0.19,265,1514,0.0404673,4,1.3,0.3,5
265,Combined_Network,0.9948,0.9941,0.0236,0.0247,0.0017326,0.0019727,1518,0.19,266,1518,0.0404673,4,1.3,0.3,5
266,Combined_Network,0.9948,0.9941,0.0236,0.0247,0.0017311,0.0019739,1522,0.19,267,1522,0.0404673,4,1.3,0.3,5
267,Combined_Network,0.9948,0.9941,0.0235,0.0247,0.0017265,0.001977,1528,0.19,268,1528,0.0404673,4,1.3,0.3,5
268,Combined_Network,0.9948,0.9941,0.0235,0.0247,0.0017271,0.0019779,1532,0.22,269,1532,0.0404673,4,1.3,0.3,5
269,Combined_Network,0.9948,0.9941,0.0235,0.0247,0.0017224,0.0019744,1558,0.2,270,1558,0.0404673,4,1.3,0.3,5
270,Combined_Network,0.9949,0.9941,0.0233,0.0246,0.0017003,0.0019701,1567,0.2,271,1567,0.0404673,4,1.3,0.3,5
271,Combined_Network,0.9949,0.9941,0.0233,0.0246,0.0016911,0.0019661,1572,0.25,272,1572,0.0404673,4,1.3,0.3,5
272,Combined_Network,0.9949,0.9941,0.0233,0.0246,0.0016908,0.0019665,1574,0.19,273,1574,0.0404673,4,1.3,0.3,5
273,Combined_Network,0.9949,0.9941,0.0233,0.0246,0.0016872,0.001964,1584,0.18,274,1584,0.0404673,4,1.3,0.3,5
274,Combined_Network,0.9949,0.9941,0.0232,0.0246,0.0016837,0.0019598,1596,0.19,275,1596,0.0404673,4,1.3,0.3,5
275,Combined_Network,0.9949,0.9941,0.0232,0.0246,0.0016809,0.0019575,1599,0.2,276,1599,0.0404673,4,1.3,0.3,5
276,Combined_Network,0.995,0.9942,0.0231,0.0245,0.0016613,0.001944,1604,0.19,277,1604,0.0404673,4,1.3,0.3,5
277,Combined_Network,0.995,0.9942,0.023,0.0244,0.0016535,0.0019283,1620,0.2,278,1620,0.0404673,4,1.3,0.3,5
278,Combined_Network,0.995,0.9943,0.0229,0.0243,0.0016382,0.0019138,1627,0.22,279,1627,0.0404673,4,1.3,0.3,5
279,Combined_Network,0.9951,0.9943,0.0228,0.0242,0.0016276,0.0019032,1632,0.22,280,1632,0.0404673,4,1.3,0.3,5
280,Combined_Network,0.9951,0.9943,0.0228,0.0242,0.0016197,0.0018957,1637,0.24,281,1637,0.0404673,4,1.3,0.3,5
281,Combined_Network,0.9951,0.9943,0.0228,0.0242,0.001619,0.0018933,1641,0.23,282,1641,0.0404673,4,1.3,0.3,5
282,Combined_Network,0.9951,0.9943,0.0228,0.0242,0.0016174,0.001894,1643,0.22,283,1643,0.0404673,4,1.3,0.3,5
283,Combined_Network,0.9951,0.9943,0.0227,0.0241,0.0016131,0.0018925,1646,0.21,284,1646,0.0404673,4,1.3,0.3,5
284,Combined_Network,0.9951,0.9943,0.0227,0.0241,0.0016106,0.0018892,1655,0.22,285,1655,0.0404673,4,1.3,0.3,5
285,Combined_Network,0.9951,0.9943,0.0227,0.0241,0.0016087,0.0018876,1659,0.23,286,1659,0.0404673,4,1.3,0.3,5
286,Combined_Network,0.9952,0.9943,0.0227,0.0241,0.0016011,0.0018833,1684,0.24,287,1684,0.0404673,4,1.3,0.3,5
287,Combined_Network,0.9952,0.9944,0.0226,0.0239,0.001588,0.0018545,1693,0.24,288,1693,0.0404673,4,1.3,0.3,5
288,Combined_Network,0.9952,0.9945,0.0225,0.0239,0.0015857,0.0018484,1702,0.22,289,1702,0.0404673,4,1.3,0.3,5
289,Combined_Network,0.9952,0.9945,0.0225,0.0239,0.0015857,0.0018484,1704,0.22,290,1704,0.0404673,4,1.3,0.3,5
290,Combined_Network,0.9952,0.9945,0.0225,0.0239,0.0015844,0.0018479,1712,0.22,291,1712,0.0404673,4,1.3,0.3,5
291,Combined_Network,0.9952,0.9945,0.0225,0.0238,0.0015791,0.0018332,1719,0.24,292,1719,0.0404673,4,1.3,0.3,5
292,Combined_Network,0.9953,0.9946,0.0223,0.0236,0.0015576,0.0018113,1724,0.26,293,1724,0.0404673,4,1.3,0.3,5
293,Combined_Network,0.9953,0.9946,0.0223,0.0236,0.0015514,0.0018119,1729,0.24,294,1729,0.0404673,4,1.3,0.3,5
294,Combined_Network,0.9953,0.9946,0.0223,0.0236,0.0015469,0.0018065,1735,0.27,295,1735,0.0404673,4,1.3,0.3,5
295,Combined_Network,0.9953,0.9946,0.0222,0.0235,0.0015397,0.0017992,1740,0.24,296,1740,0.0404673,4,1.3,0.3,5
296,Combined_Network,0.9954,0.9946,0.0222,0.0235,0.0015335,0.0017921,1750,0.26,297,1750,0.0404673,4,1.3,0.3,5
297,Combined_Network,0.9954,0.9946,0.0221,0.0235,0.0015286,0.0017895,1758,0.24,298,1758,0.0404673,4,1.3,0.3,5
298,Combined_Network,0.9954,0.9946,0.0221,0.0234,0.0015258,0.0017835,1761,0.27,299,1761,0.0404673,4,1.3,0.3,5
299,Combined_Network,0.9955,0.9947,0.022,0.0233,0.0015036,0.0017658,1764,0.25,300,1764,0.0404673,4,1.3,0.3,5
300,Combined_Network,0.9955,0.9948,0.0219,0.0232,0.0014927,0.0017447,1766,0.25,301,1766,0.0404673,4,1.3,0.3,5
301,Combined_Network,0.9955,0.9948,0.0218,0.0231,0.0014793,0.0017289,1769,0.24,302,1769,0.0404673,4,1.3,0.3,5
302,Combined_Network,0.9955,0.9948,0.0218,0.0231,0.0014792,0.0017282,1771,0.3,303,1771,0.0404673,4,1.3,0.3,5
303,Combined_Network,0.9955,0.9948,0.0218,0.0231,0.0014791,0.0017282,1773,0.26,304,1773,0.0404673,4,1.3,0.3,5
304,Combined_Network,0.9955,0.9948,0.0218,0.0231,0.0014791,0.0017283,1775,0.26,305,1775,0.0404673,4,1.3,0.3,5
305,Combined_Network,0.9955,0.9948,0.0217,0.023,0.0014738,0.001718,1782,0.28,306,1782,0.0404673,4,1.3,0.3,5
306,Combined_Network,0.9955,0.9948,0.0217,0.0231,0.0014737,0.0017244,1792,0.28,307,1792,0.0404673,4,1.3,0.3,5
307,Combined_Network,0.9956,0.9948,0.0217,0.023,0.0014706,0.0017194,1810,0.25,308,1810,0.0404673,4,1.3,0.3,5
308,Combined_Network,0.9956,0.9948,0.0216,0.023,0.0014623,0.0017198,1819,0.29,309,1819,0.0404673,4,1.3,0.3,5
309,Combined_Network,0.9959,0.9953,0.0209,0.0221,0.0013601,0.0015814,1825,0.25,310,1825,0.0404673,4,1.3,0.3,5
310,Combined_Network,0.9959,0.9953,0.0209,0.0221,0.0013584,0.0015805,1829,0.28,311,1829,0.0404673,4,1.3,0.3,5
311,Combined_Network,0.9959,0.9953,0.0209,0.022,0.0013574,0.0015773,1832,0.24,312,1832,0.0404673,4,1.3,0.3,5
312,Combined_Network,0.9959,0.9953,0.0208,0.0219,0.0013459,0.0015585,1845,0.28,313,1845,0.0404673,4,1.3,0.3,5
313,Combined_Network,0.9959,0.9953,0.0208,0.0219,0.0013456,0.0015586,1858,0.28,314,1858,0.0404673,4,1.3,0.3,5
314,Combined_Network,0.9959,0.9953,0.0208,0.0219,0.0013454,0.0015593,1860,0.3,315,1860,0.0404673,4,1.3,0.3,5
315,Combined_Network,0.996,0.9954,0.0207,0.0218,0.0013353,0.001542,1881,0.3,316,1881,0.0404673,4,1.3,0.3,5
316,Combined_Network,0.996,0.9954,0.0207,0.0218,0.0013321,0.00154,1885,0.3,317,1885,0.0404673,4,1.3,0.3,5
317,Combined_Network,0.996,0.9954,0.0207,0.0218,0.001332,0.0015396,1888,0.28,318,1888,0.0404673,4,1.3,0.3,5
318,Combined_Network,0.996,0.9954,0.0206,0.0218,0.0013292,0.0015436,1894,0.28,319,1894,0.0404673,4,1.3,0.3,5
319,Combined_Network,0.9961,0.9955,0.0205,0.0216,0.001307,0.0015147,1900,0.32,320,1900,0.0404673,4,1.3,0.3,5
320,Combined_Network,0.9961,0.9955,0.0204,0.0216,0.0013006,0.001518,1909,0.3,321,1909,0.0404673,4,1.3,0.3,5
321,Combined_Network,0.9961,0.9955,0.0204,0.0216,0.0012944,0.0015101,1917,0.3,322,1917,0.0404673,4,1.3,0.3,5
322,Combined_Network,0.9961,0.9955,0.0204,0.0216,0.0012933,0.0015086,1931,0.32,323,1931,0.0404673,4,1.3,0.3,5
323,Combined_Network,0.9961,0.9955,0.0204,0.0216,0.0012932,0.0015089,1935,0.31,324,1935,0.0404673,4,1.3,0.3,5
324,Combined_Network,0.9961,0.9955,0.0204,0.0216,0.0012932,0.0015088,1938,0.32,325,1938,0.0404673,4,1.3,0.3,5
325,Combined_Network,0.9961,0.9955,0.0203,0.0214,0.0012877,0.0014896,1943,0.3,326,1943,0.0404673,4,1.3,0.3,5
326,Combined_Network,0.9961,0.9956,0.0203,0.0214,0.0012864,0.0014833,1954,0.32,327,1954,0.0404673,4,1.3,0.3,5
327,Combined_Network,0.9961,0.9955,0.0202,0.0214,0.0012791,0.0014859,1956,0.33,328,1956,0.0404673,4,1.3,0.3,5
328,Combined_Network,0.9961,0.9956,0.0202,0.0214,0.0012768,0.0014843,1958,0.31,329,1958,0.0404673,4,1.3,0.3,5
329,Combined_Network,0.9961,0.9956,0.0202,0.0214,0.0012761,0.0014839,1964,0.32,330,1964,0.0404673,4,1.3,0.3,5
330,Combined_Network,0.9962,0.9956,0.0202,0.0214,0.0012738,0.0014798,1978,0.33,331,1978,0.0404673,4,1.3,0.3,5
331,Combined_Network,0.9962,0.9956,0.0202,0.0213,0.0012733,0.0014789,1990,0.35,332,1990,0.0404673,4,1.3,0.3,5
332,Combined_Network,0.9962,0.9956,0.0202,0.0213,0.0012732,0.0014782,1992,0.36,333,1992,0.0404673,4,1.3,0.3,5
333,Combined_Network,0.9962,0.9956,0.0202,0.0213,0.0012732,0.0014777,1994,0.33,334,1994,0.0404673,4,1.3,0.3,5
334,Combined_Network,0.9962,0.9956,0.0202,0.0213,0.001273,0.0014766,2003,0.34,335,2003,0.0404673,4,1.3,0.3,5
335,Combined_Network,0.9962,0.9956,0.0202,0.0213,0.00127,0.0014768,2014,0.34,336,2014,0.0404673,4,1.3,0.3,5
336,Combined_Network,0.9962,0.9956,0.0202,0.0213,0.0012685,0.0014702,2019,0.36,337,2019,0.0404673,4,1.3,0.3,5
337,Combined_Network,0.9962,0.9956,0.0201,0.0213,0.001266,0.001469,2025,0.35,338,2025,0.0404673,4,1.3,0.3,5
338,Combined_Network,0.9962,0.9956,0.0201,0.0212,0.001255,0.0014613,2029,0.37,339,2029,0.0404673,4,1.3,0.3,5
339,Combined_Network,0.9962,0.9956,0.02,0.0212,0.0012535,0.0014592,2038,0.36,340,2038,0.0404673,4,1.3,0.3,5
340,Combined_Network,0.9962,0.9956,0.02,0.0212,0.0012517,0.0014589,2043,0.34,341,2043,0.0404673,4,1.3,0.3,5
341,Combined_Network,0.9963,0.9958,0.0198,0.0209,0.001223,0.0014135,2047,0.36,342,2047,0.0404673,4,1.3,0.3,5
342,Combined_Network,0.9963,0.9958,0.0197,0.0209,0.0012103,0.0014185,2056,0.38,343,2056,0.0404673,4,1.3,0.3,5
343,Combined_Network,0.9964,0.9958,0.0197,0.0209,0.001207,0.0014169,2071,0.39,344,2071,0.0404673,4,1.3,0.3,5
344,Combined_Network,0.9964,0.9958,0.0196,0.0208,0.0011969,0.0014022,2076,0.35,345,2076,0.0404673,4,1.3,0.3,5
345,Combined_Network,0.9964,0.9958,0.0196,0.0208,0.0011936,0.0014103,2081,0.37,346,2081,0.0404673,4,1.3,0.3,5
346,Combined_Network,0.9964,0.9958,0.0195,0.0208,0.0011917,0.0014095,2088,0.37,347,2088,0.0404673,4,1.3,0.3,5
347,Combined_Network,0.9964,0.9958,0.0195,0.0208,0.0011914,0.0014093,2106,0.37,348,2106,0.0404673,4,1.3,0.3,5
348,Combined_Network,0.9964,0.9958,0.0195,0.0208,0.0011861,0.0013988,2114,0.38,349,2114,0.0404673,4,1.3,0.3,5
349,Combined_Network,0.9964,0.9958,0.0195,0.0207,0.0011825,0.0013933,2121,0.4,350,2121,0.0404673,4,1.3,0.3,5
350,Combined_Network,0.9964,0.9959,0.0195,0.0207,0.0011813,0.0013918,2130,0.38,351,2130,0.0404673,4,1.3,0.3,5
351,Combined_Network,0.9965,0.9959,0.0193,0.0206,0.001166,0.001381,2138,0.39,352,2138,0.0404673,4,1.3,0.3,5
352,Combined_Network,0.9965,0.9959,0.0193,0.0206,0.0011648,0.0013813,2148,0.38,353,2148,0.0404673,4,1.3,0.3,5
353,Combined_Network,0.9965,0.9959,0.0193,0.0205,0.0011579,0.0013698,2153,0.46,354,2153,0.0404673,4,1.3,0.3,5
354,Combined_Network,0.9965,0.9959,0.0192,0.0205,0.0011529,0.0013661,2173,0.42,355,2173,0.0404673,4,1.3,0.3,5
355,Combined_Network,0.9965,0.9959,0.0191,0.0205,0.0011436,0.0013593,2178,0.43,356,2178,0.0404673,4,1.3,0.3,5
356,Combined_Network,0.9966,0.996,0.0191,0.0204,0.0011423,0.0013513,2181,0.44,357,2181,0.0404673,4,1.3,0.3,5
357,Combined_Network,0.9966,0.996,0.0191,0.0204,0.0011407,0.0013487,2187,0.4,358,2187,0.0404673,4,1.3,0.3,5
358,Combined_Network,0.9966,0.996,0.0191,0.0204,0.00114,0.0013486,2217,0.42,359,2217,0.0404673,4,1.3,0.3,5
359,Combined_Network,0.9966,0.996,0.0191,0.0204,0.0011381,0.0013463,2225,0.47,360,2225,0.0404673,4,1.3,0.3,5
360,Combined_Network,0.9966,0.996,0.0191,0.0203,0.0011365,0.0013407,2228,0.4,361,2228,0.0404673,4,1.3,0.3,5
361,Combined_Network,0.9966,0.996,0.0191,0.0203,0.0011366,0.0013407,2230,0.54,362,2230,0.0404673,4,1.3,0.3,5
362,Combined_Network,0.9966,0.996,0.0191,0.0203,0.0011335,0.0013355,2235,0.45,363,2235,0.0404673,4,1.3,0.3,5
363,Combined_Network,0.9966,0.996,0.019,0.0203,0.0011321,0.0013377,2258,0.42,364,2258,0.0404673,4,1.3,0.3,5
364,Combined_Network,0.9966,0.996,0.019,0.0203,0.0011322,0.0013367,2260,0.47,365,2260,0.0404673,4,1.3,0.3,5
365,Combined_Network,0.9966,0.996,0.019,0.0203,0.0011317,0.0013379,2273,0.44,366,2273,0.0404673,4,1.3,0.3,5
366,Combined_Network,0.9966,0.996,0.019,0.0204,0.001127,0.0013485,2275,0.46,367,2275,0.0404673,4,1.3,0.3,5
367,Combined_Network,0.9966,0.996,0.019,0.0204,0.0011273,0.001345,2281,0.45,368,2281,0.0404673,4,1.3,0.3,5
368,Combined_Network,0.9966,0.996,0.019,0.0204,0.0011264,0.0013451,2285,0.47,369,2285,0.0404673,4,1.3,0.3,5
369,Combined_Network,0.9966,0.996,0.019,0.0203,0.0011235,0.0013424,2288,0.44,370,2288,0.0404673,4,1.3,0.3,5
370,Combined_Network,0.9966,0.996,0.019,0.0203,0.001122,0.0013417,2307,0.51,371,2307,0.0404673,4,1.3,0.3,5
371,Combined_Network,0.9966,0.996,0.019,0.0204,0.001121,0.0013454,2311,0.49,372,2311,0.0404673,4,1.3,0.3,5
372,Combined_Network,0.9966,0.996,0.0189,0.0204,0.0011198,0.0013458,2314,0.47,373,2314,0.0404673,4,1.3,0.3,5
373,Combined_Network,0.9967,0.996,0.0188,0.0203,0.0011055,0.0013412,2324,0.48,374,2324,0.0404673,4,1.3,0.3,5
374,Combined_Network,0.9967,0.996,0.0188,0.0204,0.0011011,0.0013482,2333,0.48,375,2333,0.0404673,4,1.3,0.3,5
375,Combined_Network,0.9967,0.996,0.0187,0.0202,0.0010949,0.0013244,2340,0.49,376,2340,0.0404673,4,1.3,0.3,5
376,Combined_Network,0.9967,0.996,0.0187,0.0202,0.0010912,0.0013212,2343,0.47,377,2343,0.0404673,4,1.3,0.3,5
377,Combined_Network,0.9967,0.996,0.0187,0.0202,0.001093,0.001323,2345,0.49,378,2345,0.0404673,4,1.3,0.3,5
378,Combined_Network,0.9967,0.996,0.0186,0.0202,0.0010827,0.0013293,2349,0.51,379,2349,0.0404673,4,1.3,0.3,5
379,Combined_Network,0.9967,0.996,0.0186,0.0202,0.0010819,0.0013284,2357,0.49,380,2357,0.0404673,4,1.3,0.3,5
380,Combined_Network,0.9967,0.996,0.0186,0.0202,0.0010811,0.00133,2359,0.5,381,2359,0.0404673,4,1.3,0.3,5
381,Combined_Network,0.9967,0.996,0.0186,0.0202,0.0010807,0.0013303,2366,0.51,382,2366,0.0404673,4,1.3,0.3,5
382,Combined_Network,0.9967,0.996,0.0186,0.0203,0.0010804,0.0013309,2376,0.52,383,2376,0.0404673,4,1.3,0.3,5
383,Combined_Network,0.9967,0.996,0.0186,0.0202,0.00108,0.0013298,2388,0.5,384,2388,0.0404673,4,1.3,0.3,5
384,Combined_Network,0.9967,0.996,0.0186,0.0202,0.0010775,0.0013241,2392,0.49,385,2392,0.0404673,4,1.3,0.3,5
385,Combined_Network,0.9967,0.996,0.0186,0.0202,0.0010769,0.0013224,2404,0.49,386,2404,0.0404673,4,1.3,0.3,5
386,Combined_Network,0.9967,0.996,0.0186,0.0202,0.0010772,0.0013237,2408,0.48,387,2408,0.0404673,4,1.3,0.3,5
387,Combined_Network,0.9968,0.9961,0.0185,0.0201,0.0010719,0.001313,2413,0.53,388,2413,0.0404673,4,1.3,0.3,5
388,Combined_Network,0.9968,0.9961,0.0185,0.0201,0.0010713,0.0013116,2425,0.5,389,2425,0.0404673,4,1.3,0.3,5
389,Combined_Network,0.9968,0.996,0.0184,0.0203,0.0010582,0.0013375,2429,0.51,390,2429,0.0404673,4,1.3,0.3,5
390,Combined_Network,0.9968,0.996,0.0184,0.0203,0.0010535,0.0013318,2448,0.54,391,2448,0.0404673,4,1.3,0.3,5
391,Combined_Network,0.9968,0.996,0.0184,0.0202,0.0010542,0.0013261,2450,0.56,392,2450,0.0404673,4,1.3,0.3,5
392,Combined_Network,0.9968,0.996,0.0184,0.0202,0.0010544,0.0013263,2452,0.53,393,2452,0.0404673,4,1.3,0.3,5
393,Combined_Network,0.9968,0.996,0.0183,0.0202,0.0010503,0.001321,2461,0.54,394,2461,0.0404673,4,1.3,0.3,5
394,Combined_Network,0.9969,0.996,0.0183,0.0202,0.0010417,0.0013225,2465,0.54,395,2465,0.0404673,4,1.3,0.3,5
395,Combined_Network,0.9969,0.9961,0.0182,0.0201,0.0010313,0.0013102,2478,0.54,396,2478,0.0404673,4,1.3,0.3,5
396,Combined_Network,0.9969,0.9961,0.0181,0.02,0.0010227,0.0013043,2485,0.56,397,2485,0.0404673,4,1.3,0.3,5
397,Combined_Network,0.9969,0.9961,0.0181,0.0201,0.0010225,0.0013051,2491,0.56,398,2491,0.0404673,4,1.3,0.3,5
398,Combined_Network,0.9969,0.9961,0.0181,0.02,0.0010168,0.0012944,2495,0.56,399,2495,0.0404673,4,1.3,0.3,5
399,Combined_Network,0.9969,0.9961,0.018,0.0199,0.0010165,0.0012915,2501,0.58,400,2501,0.0404673,4,1.3,0.3,5
400,Combined_Network,0.997,0.9962,0.0179,0.0198,0.0009982,0.0012772,2508,0.58,401,2508,0.0404673,4,1.3,0.3,5
401,Combined_Network,0.997,0.9962,0.0179,0.0198,0.0009966,0.001277,2523,0.62,402,2523,0.0404673,4,1.3,0.3,5
402,Combined_Network,0.997,0.9962,0.0178,0.0198,0.0009938,0.0012763,2526,0.57,403,2526,0.0404673,4,1.3,0.3,5
403,Combined_Network,0.997,0.9962,0.0178,0.0198,0.0009864,0.0012683,2532,0.58,404,2532,0.0404673,4,1.3,0.3,5
404,Combined_Network,0.9971,0.9963,0.0177,0.0195,0.0009742,0.0012377,2535,0.58,405,2535,0.0404673,4,1.3,0.3,5
405,Combined_Network,0.9971,0.9963,0.0177,0.0195,0.0009742,0.0012376,2537,0.58,406,2537,0.0404673,4,1.3,0.3,5
406,Combined_Network,0.9971,0.9963,0.0177,0.0195,0.000973,0.0012339,2544,0.6,407,2544,0.0404673,4,1.3,0.3,5
407,Combined_Network,0.9971,0.9963,0.0176,0.0195,0.0009697,0.0012289,2548,0.58,408,2548,0.0404673,4,1.3,0.3,5
408,Combined_Network,0.9971,0.9963,0.0176,0.0195,0.0009687,0.0012289,2552,0.61,409,2552,0.0404673,4,1.3,0.3,5
409,Combined_Network,0.9971,0.9963,0.0176,0.0195,0.0009683,0.0012308,2557,0.58,410,2557,0.0404673,4,1.3,0.3,5
410,Combined_Network,0.9971,0.9963,0.0176,0.0195,0.0009636,0.0012379,2565,0.63,411,2565,0.0404673,4,1.3,0.3,5
411,Combined_Network,0.9971,0.9963,0.0176,0.0195,0.0009632,0.0012368,2568,0.61,412,2568,0.0404673,4,1.3,0.3,5
412,Combined_Network,0.9971,0.9963,0.0176,0.0195,0.0009618,0.001236,2575,0.63,413,2575,0.0404673,4,1.3,0.3,5
413,Combined_Network,0.9971,0.9963,0.0175,0.0195,0.0009604,0.0012354,2584,0.61,414,2584,0.0404673,4,1.3,0.3,5
414,Combined_Network,0.9971,0.9963,0.0175,0.0195,0.0009578,0.0012313,2613,0.65,415,2613,0.0404673,4,1.3,0.3,5
415,Combined_Network,0.9971,0.9963,0.0175,0.0195,0.0009544,0.0012296,2626,0.65,416,2626,0.0404673,4,1.3,0.3,5
416,Combined_Network,0.9971,0.9963,0.0175,0.0195,0.000954,0.0012282,2630,0.64,417,2630,0.0404673,4,1.3,0.3,5
417,Combined_Network,0.9972,0.9964,0.0174,0.0193,0.000943,0.001215,2644,0.64,418,2644,0.0404673,4,1.3,0.3,5
418,Combined_Network,0.9972,0.9964,0.0174,0.0193,0.0009428,0.0012149,2650,0.67,419,2650,0.0404673,4,1.3,0.3,5
419,Combined_Network,0.9972,0.9964,0.0174,0.0193,0.0009429,0.0012144,2653,0.66,420,2653,0.0404673,4,1.3,0.3,5
420,Combined_Network,0.9972,0.9964,0.0173,0.0193,0.0009379,0.0012075,2666,0.67,421,2666,0.0404673,4,1.3,0.3,5
421,Combined_Network,0.9972,0.9964,0.0173,0.0193,0.0009378,0.0012076,2668,0.66,422,2668,0.0404673,4,1.3,0.3,5
422,Combined_Network,0.9972,0.9964,0.0173,0.0193,0.0009353,0.0012083,2692,0.67,423,2692,0.0404673,4,1.3,0.3,5
423,Combined_Network,0.9972,0.9964,0.0173,0.0193,0.0009352,0.0012085,2694,0.65,424,2694,0.0404673,4,1.3,0.3,5
424,Combined_Network,0.9972,0.9964,0.0173,0.0192,0.0009286,0.0011928,2701,0.67,425,2701,0.0404673,4,1.3,0.3,5
425,Combined_Network,0.9972,0.9964,0.0173,0.0192,0.0009316,0.0011937,2703,0.72,426,2703,0.0404673,4,1.3,0.3,5
426,Combined_Network,0.9972,0.9965,0.0172,0.0191,0.0009234,0.0011801,2708,0.68,427,2708,0.0404673,4,1.3,0.3,5
427,Combined_Network,0.9972,0.9965,0.0172,0.0191,0.0009226,0.0011791,2710,0.67,428,2710,0.0404673,4,1.3,0.3,5
428,Combined_Network,0.9972,0.9965,0.0171,0.019,0.0009163,0.0011715,2719,0.7,429,2719,0.0404673,4,1.3,0.3,5
429,Combined_Network,0.9972,0.9965,0.0171,0.019,0.0009156,0.0011745,2721,0.67,430,2721,0.0404673,4,1.3,0.3,5
430,Combined_Network,0.9972,0.9965,0.0171,0.019,0.0009135,0.0011718,2740,0.69,431,2740,0.0404673,4,1.3,0.3,5
431,Combined_Network,0.9973,0.9965,0.0171,0.019,0.0009106,0.0011705,2745,0.78,432,2745,0.0404673,4,1.3,0.3,5
432,Combined_Network,0.9973,0.9965,0.0171,0.019,0.0009095,0.0011664,2751,0.74,433,2751,0.0404673,4,1.3,0.3,5
433,Combined_Network,0.9973,0.9965,0.0171,0.019,0.0009095,0.0011664,2753,0.77,434,2753,0.0404673,4,1.3,0.3,5
434,Combined_Network,0.9973,0.9965,0.0171,0.0189,0.0009092,0.0011647,2756,0.71,435,2756,0.0404673,4,1.3,0.3,5
435,Combined_Network,0.9973,0.9965,0.0171,0.0189,0.0009088,0.001163,2758,0.74,436,2758,0.0404673,4,1.3,0.3,5
436,Combined_Network,0.9973,0.9965,0.017,0.0189,0.0009057,0.0011596,2766,0.7,437,2766,0.0404673,4,1.3,0.3,5
437,Combined_Network,0.9973,0.9966,0.017,0.0188,0.0008968,0.0011465,2772,0.8,438,2772,0.0404673,4,1.3,0.3,5
438,Combined_Network,0.9973,0.9966,0.0169,0.0187,0.0008887,0.0011389,2783,0.73,439,2783,0.0404673,4,1.3,0.3,5
439,Combined_Network,0.9973,0.9966,0.0168,0.0187,0.0008857,0.001135,2791,0.76,440,2791,0.0404673,4,1.3,0.3,5
440,Combined_Network,0.9974,0.9967,0.0167,0.0185,0.0008735,0.0011141,2796,0.75,441,2796,0.0404673,4,1.3,0.3,5
441,Combined_Network,0.9974,0.9967,0.0167,0.0185,0.0008722,0.0011147,2809,0.76,442,2809,0.0404673,4,1.3,0.3,5
442,Combined_Network,0.9974,0.9967,0.0167,0.0185,0.0008718,0.0011135,2813,0.76,443,2813,0.0404673,4,1.3,0.3,5
443,Combined_Network,0.9974,0.9967,0.0167,0.0185,0.0008678,0.0011102,2834,0.85,444,2834,0.0404673,4,1.3,0.3,5
444,Combined_Network,0.9974,0.9967,0.0167,0.0185,0.0008659,0.0011061,2840,0.77,445,2840,0.0404673,4,1.3,0.3,5
445,Combined_Network,0.9974,0.9967,0.0167,0.0185,0.0008655,0.0011066,2844,0.74,446,2844,0.0404673,4,1.3,0.3,5
446,Combined_Network,0.9974,0.9967,0.0167,0.0185,0.0008656,0.0011053,2846,0.91,447,2846,0.0404673,4,1.3,0.3,5
447,Combined_Network,0.9974,0.9967,0.0167,0.0185,0.0008657,0.0011056,2849,0.77,448,2849,0.0404673,4,1.3,0.3,5
448,Combined_Network,0.9974,0.9967,0.0167,0.0184,0.0008653,0.0011037,2860,0.83,449,2860,0.0404673,4,1.3,0.3,5
449,Combined_Network,0.9974,0.9967,0.0166,0.0184,0.0008639,0.0011018,2864,0.78,450,2864,0.0404673,4,1.3,0.3,5
450,Combined_Network,0.9974,0.9967,0.0166,0.0185,0.0008571,0.0011098,2879,0.77,451,2879,0.0404673,4,1.3,0.3,5
451,Combined_Network,0.9974,0.9967,0.0166,0.0185,0.0008571,0.0011113,2881,0.83,452,2881,0.0404673,4,1.3,0.3,5
452,Combined_Network,0.9974,0.9967,0.0166,0.0185,0.0008558,0.0011115,2889,0.83,453,2889,0.0404673,4,1.3,0.3,5
453,Combined_Network,0.9974,0.9967,0.0166,0.0185,0.000855,0.0011127,2893,0.82,454,2893,0.0404673,4,1.3,0.3,5
454,Combined_Network,0.9974,0.9967,0.0165,0.0185,0.0008523,0.0011079,2908,0.78,455,2908,0.0404673,4,1.3,0.3,5
455,Combined_Network,0.9974,0.9967,0.0165,0.0185,0.0008494,0.0011078,2916,0.82,456,2916,0.0404673,4,1.3,0.3,5
456,Combined_Network,0.9974,0.9967,0.0165,0.0184,0.0008465,0.0011039,2927,0.81,457,2927,0.0404673,4,1.3,0.3,5
457,Combined_Network,0.9975,0.9967,0.0164,0.0185,0.0008437,0.0011087,2933,0.87,458,2933,0.0404673,4,1.3,0.3,5
458,Combined_Network,0.9975,0.9967,0.0164,0.0185,0.0008437,0.001111,2937,0.85,459,2937,0.0404673,4,1.3,0.3,5
459,Combined_Network,0.9975,0.9967,0.0164,0.0185,0.0008435,0.0011106,2948,0.87,460,2948,0.0404673,4,1.3,0.3,5
460,Combined_Network,0.9975,0.9967,0.0164,0.0185,0.0008404,0.0011067,2972,0.9,461,2972,0.0404673,4,1.3,0.3,5
461,Combined_Network,0.9975,0.9967,0.0164,0.0184,0.0008364,0.0010984,2983,0.83,462,2983,0.0404673,4,1.3,0.3,5
462,Combined_Network,0.9975,0.9967,0.0164,0.0184,0.0008352,0.0010977,2994,0.84,463,2994,0.0404673,4,1.3,0.3,5
463,Combined_Network,0.9975,0.9967,0.0163,0.0184,0.000834,0.0010964,3014,0.89,464,3014,0.0404673,4,1.3,0.3,5
464,Combined_Network,0.9976,0.9968,0.016,0.0181,0.0007976,0.001065,3017,0.91,465,3017,0.0404673,4,1.3,0.3,5
465,Combined_Network,0.9976,0.9968,0.016,0.0181,0.0007974,0.0010658,3021,0.92,466,3021,0.0404673,4,1.3,0.3,5
466,Combined_Network,0.9976,0.9968,0.016,0.0181,0.000797,0.0010644,3024,0.87,467,3024,0.0404673,4,1.3,0.3,5
467,Combined_Network,0.9976,0.9968,0.016,0.0181,0.000797,0.0010644,3026,0.95,468,3026,0.0404673,4,1.3,0.3,5
468,Combined_Network,0.9976,0.9968,0.0159,0.018,0.0007902,0.0010569,3033,0.93,469,3033,0.0404673,4,1.3,0.3,5
469,Combined_Network,0.9976,0.9968,0.0159,0.018,0.0007897,0.0010559,3037,0.92,470,3037,0.0404673,4,1.3,0.3,5
470,Combined_Network,0.9976,0.9968,0.0159,0.018,0.0007892,0.0010559,3040,0.93,471,3040,0.0404673,4,1.3,0.3,5
471,Combined_Network,0.9976,0.9969,0.0159,0.018,0.0007857,0.0010472,3047,0.98,472,3047,0.0404673,4,1.3,0.3,5
472,Combined_Network,0.9976,0.9969,0.0159,0.018,0.0007848,0.0010474,3050,0.91,473,3050,0.0404673,4,1.3,0.3,5
473,Combined_Network,0.9976,0.9969,0.0159,0.018,0.0007843,0.0010473,3070,0.91,474,3070,0.0404673,4,1.3,0.3,5
474,Combined_Network,0.9976,0.9969,0.0159,0.018,0.0007843,0.0010473,3081,0.94,475,3081,0.0404673,4,1.3,0.3,5
475,Combined_Network,0.9977,0.9969,0.0158,0.0179,0.000778,0.0010352,3084,0.92,476,3084,0.0404673,4,1.3,0.3,5
476,Combined_Network,0.9977,0.9969,0.0158,0.0178,0.0007754,0.0010285,3094,0.9,477,3094,0.0404673,4,1.3,0.3,5
477,Combined_Network,0.9977,0.9969,0.0158,0.0178,0.0007748,0.0010285,3097,0.96,478,3097,0.0404673,4,1.3,0.3,5
478,Combined_Network,0.9977,0.9969,0.0158,0.0178,0.0007747,0.0010281,3109,0.98,479,3109,0.0404673,4,1.3,0.3,5
479,Combined_Network,0.9977,0.9969,0.0157,0.0177,0.00077,0.001022,3119,0.98,480,3119,0.0404673,4,1.3,0.3,5
480,Combined_Network,0.9977,0.997,0.0156,0.0177,0.0007627,0.0010183,3126,1.03,481,3126,0.0404673,4,1.3,0.3,5
481,Combined_Network,0.9977,0.997,0.0156,0.0177,0.0007621,0.0010162,3128,0.98,482,3128,0.0404673,4,1.3,0.3,5
482,Combined_Network,0.9977,0.997,0.0156,0.0177,0.00076,0.0010138,3136,1.01,483,3136,0.0404673,4,1.3,0.3,5
483,Combined_Network,0.9977,0.997,0.0156,0.0177,0.0007551,0.0010136,3144,1.02,484,3144,0.0404673,4,1.3,0.3,5
484,Combined_Network,0.9977,0.997,0.0156,0.0177,0.0007548,0.0010133,3147,0.97,485,3147,0.0404673,4,1.3,0.3,5
485,Combined_Network,0.9977,0.997,0.0156,0.0177,0.0007546,0.0010133,3153,0.99,486,3153,0.0404673,4,1.3,0.3,5
486,Combined_Network,0.9977,0.997,0.0155,0.0176,0.000753,0.001005,3163,0.99,487,3163,0.0404673,4,1.3,0.3,5
487,Combined_Network,0.9977,0.997,0.0155,0.0176,0.0007523,0.0010076,3175,1.05,488,3175,0.0404673,4,1.3,0.3,5
488,Combined_Network,0.9977,0.997,0.0155,0.0176,0.0007516,0.0010036,3184,1.0,489,3184,0.0404673,4,1.3,0.3,5
489,Combined_Network,0.9978,0.997,0.0154,0.0176,0.000744,0.0010033,3189,1.05,490,3189,0.0404673,4,1.3,0.3,5
490,Combined_Network,0.9978,0.997,0.0154,0.0176,0.0007439,0.0010038,3196,1.04,491,3196,0.0404673,4,1.3,0.3,5
491,Combined_Network,0.9978,0.997,0.0154,0.0176,0.0007433,0.0010042,3199,1.07,492,3199,0.0404673,4,1.3,0.3,5
492,Combined_Network,0.9978,0.997,0.0154,0.0176,0.0007428,0.0010043,3201,1.07,493,3201,0.0404673,4,1.3,0.3,5
493,Combined_Network,0.9978,0.997,0.0154,0.0176,0.000742,0.001003,3221,1.08,494,3221,0.0404673,4,1.3,0.3,5
494,Combined_Network,0.9978,0.997,0.0154,0.0176,0.0007401,0.0010043,3236,1.06,495,3236,0.0404673,4,1.3,0.3,5
495,Combined_Network,0.9978,0.997,0.0154,0.0176,0.0007401,0.0010044,3238,1.08,496,3238,0.0404673,4,1.3,0.3,5
496,Combined_Network,0.9978,0.997,0.0154,0.0176,0.0007384,0.0010039,3244,1.08,497,3244,0.0404673,4,1.3,0.3,5
497,Combined_Network,0.9978,0.997,0.0154,0.0176,0.0007377,0.0010033,3249,1.07,498,3249,0.0404673,4,1.3,0.3,5
498,Combined_Network,0.9978,0.997,0.0154,0.0176,0.0007375,0.0010029,3262,1.16,499,3262,0.0404673,4,1.3,0.3,5
499,Combined_Network,0.9978,0.997,0.0154,0.0176,0.0007369,0.0010034,3271,1.09,500,3271,0.0404673,4,1.3,0.3,5
