,Taxa,w_in_sp_opt,w_in_st_opt,w_bc_sp_opt,w_bc_st_opt,train_pred,test_pred,RMSE_train,RMSE_test,NMSE_train,NMSE_test
0,Prok_Taxa00004,0.0,2.0,0.4,1.5,0.9763,0.7606,0.054,0.1746,0.0075863,0.0785776
1,Prok_Taxa00005,0.0,0.8,0.8,0.5,0.9296,0.0933,0.1451,0.2498,0.0547658,0.1607547
2,Prok_Taxa00006,0.6,2.0,0.6,0.8,0.9758,0.6438,0.0546,0.2055,0.0077418,0.108817
3,Prok_Taxa00007,0.4,1.5,0.6,2.0,0.9806,0.8508,0.049,0.1352,0.0062371,0.0471397
4,Prok_Taxa00009,0.4,1.5,0.2,1.5,0.988,0.8785,0.0385,0.1203,0.0038491,0.0373209
5,Prok_Taxa00010,0.9,0.5,0.6,2.0,0.9802,0.8775,0.0494,0.1374,0.0063551,0.0486856
6,Prok_Taxa00011,0.8,2.0,0.8,2.0,0.9814,0.9002,0.0479,0.1229,0.0059741,0.0389419
7,Prok_Taxa00013,0.8,0.8,0.8,0.8,0.9746,0.8354,0.0564,0.146,0.0082647,0.0549056
8,Prok_Taxa00014,0.8,2.0,0.4,0.5,0.9855,0.1535,0.0426,0.2496,0.0047309,0.160597
9,Prok_Taxa00016,0.0,0.8,0.6,0.5,0.9647,0.8058,0.0657,0.1551,0.0112234,0.0619975
10,Prok_Taxa00017,0.0,0.5,0.0,0.5,0.921,0.6874,0.0971,0.2121,0.0245467,0.1159419
11,Prok_Taxa00018,0.0,0.5,0.6,1.5,0.9202,0.2782,0.0976,0.2472,0.0247894,0.1575057
12,Prok_Taxa00020,0.4,0.8,0.8,0.8,0.9541,0.4163,0.0747,0.2398,0.0145154,0.1481882
13,Prok_Taxa00021,0.0,1.0,0.6,1.0,0.9026,0.0786,0.1073,0.251,0.0299736,0.1623613
14,Prok_Taxa00022,0.0,1.5,0.4,1.0,0.9605,0.7775,0.0694,0.16,0.0125276,0.0659898
15,Prok_Taxa00023,0.0,0.5,0.8,0.5,0.9366,0.0931,0.1463,0.2498,0.0556919,0.1607885
16,Prok_Taxa00024,0.8,2.0,0.8,0.5,0.9034,0.09,0.1519,0.2499,0.060042,0.1608949
17,Prok_Taxa00025,0.0,1.5,0.4,1.0,0.9196,0.1005,0.098,0.2495,0.0249807,0.1604593
18,Prok_Taxa00026,0.9,1.0,0.9,0.5,0.9874,0.85,0.0396,0.1325,0.0040853,0.0452727
19,Prok_Taxa00027,0.6,1.0,0.6,0.8,0.9793,0.881,0.0505,0.1205,0.0066414,0.0374077
20,Prok_Taxa00028,0.0,2.0,0.6,0.5,0.8688,0.1209,0.1235,0.2499,0.0396765,0.1609552
21,Prok_Taxa00029,0.0,2.0,0.6,0.8,0.8796,0.2404,0.1186,0.2497,0.0366029,0.1606356
22,Prok_Taxa00031,0.8,1.5,0.8,0.8,0.894,0.8343,0.1118,0.2396,0.0325078,0.147895
23,Prok_Taxa00032,0.0,1.0,0.8,0.5,0.9317,0.093,0.1458,0.2497,0.0552737,0.160731
24,Prok_Taxa00034,0.0,1.0,0.0,0.5,0.9224,0.5839,0.0963,0.2299,0.0241214,0.1361677
25,Prok_Taxa00035,0.6,1.0,0.6,1.5,0.9701,0.8453,0.0605,0.137,0.0095218,0.0483976
26,Prok_Taxa00036,0.6,2.0,0.0,0.5,0.9073,0.1337,0.1049,0.2583,0.0286543,0.1719224
27,Prok_Taxa00037,0.6,1.5,0.6,2.0,0.9524,0.1499,0.076,0.2501,0.0150265,0.1611331
28,Prok_Taxa00038,0.0,1.5,0.6,0.8,0.8935,0.1135,0.112,0.2496,0.0326101,0.1605455
29,Prok_Taxa00039,0.6,1.5,0.6,1.0,0.9445,0.0229,0.0819,0.2529,0.0174513,0.1647575
30,Prok_Taxa00040,0.4,0.5,0.2,1.0,0.9868,0.8898,0.0404,0.1173,0.0042417,0.0354777
31,Prok_Taxa00041,0.6,2.0,0.4,2.0,0.9701,0.7209,0.0606,0.174,0.00954,0.0779962
32,Prok_Taxa00042,0.6,0.5,0.2,0.5,0.9748,0.853,0.0557,0.1378,0.0080641,0.0489666
33,Prok_Taxa00043,0.6,2.0,0.6,1.5,0.9362,-0.02,0.0876,0.2545,0.019983,0.1669662
34,Prok_Taxa00044,0.6,0.5,0.6,0.5,0.9648,0.7213,0.0656,0.176,0.0111828,0.0798213
35,Prok_Taxa00046,0.0,0.5,0.0,0.5,0.9227,0.6386,0.0961,0.198,0.0240475,0.1010351
36,Prok_Taxa00049,0.4,0.5,0.0,0.5,0.9591,0.7637,0.0706,0.1826,0.0129596,0.0858914
37,Prok_Taxa00050,0.0,2.0,0.6,0.8,0.9597,0.1458,0.0704,0.2493,0.0129001,0.1601822
38,Prok_Taxa00051,0.0,2.0,0.4,0.8,0.9649,0.607,0.0655,0.2063,0.0111698,0.1096777
39,Prok_Taxa00053,0.0,1.5,0.0,0.5,0.617,0.0964,0.1963,0.2509,0.1002613,0.1622234
40,Prok_Taxa00055,0.4,1.5,0.6,0.8,0.9809,0.8907,0.0485,0.1197,0.0061215,0.0369108
41,Prok_Taxa00056,0.6,2.0,0.9,1.0,0.9739,0.3753,0.0567,0.2482,0.0083544,0.158694
42,Prok_Taxa00058,0.0,0.5,0.8,0.5,0.9391,0.0929,0.1473,0.2499,0.0564258,0.160885
43,Prok_Taxa00059,0.8,0.5,0.6,0.8,0.9785,0.847,0.0515,0.134,0.0068967,0.0462835
44,Prok_Taxa00061,0.0,1.5,0.4,1.0,0.955,0.0884,0.074,0.2537,0.0142365,0.1658842
45,Prok_Taxa00062,0.9,0.8,0.8,1.0,0.9823,0.8312,0.047,0.1469,0.0057493,0.0555889
46,Prok_Taxa00063,0.8,1.5,0.0,1.0,0.9647,0.7322,0.0657,0.1733,0.0112373,0.0774191
47,Prok_Taxa00064,0.4,1.5,0.6,2.0,0.9861,0.8358,0.0414,0.1445,0.0044648,0.0537924
48,Prok_Taxa00065,0.0,1.5,0.0,2.0,0.931,0.1485,0.0911,0.2485,0.0215689,0.1591468
49,Prok_Taxa00066,0.6,1.0,0.0,0.5,0.8021,0.0995,0.1489,0.2497,0.0577005,0.1607079
50,Prok_Taxa00067,0.0,2.0,0.0,0.5,0.744,0.0805,0.1666,0.2527,0.0722483,0.1645654
51,Prok_Taxa00068,0.8,0.5,0.2,2.0,0.9911,0.8653,0.0331,0.1432,0.0028576,0.0528077
52,Prok_Taxa00069,0.2,1.5,0.4,0.5,0.9834,0.6906,0.0453,0.1838,0.0053426,0.0870573
53,Prok_Taxa00070,0.0,1.0,0.0,0.5,0.2986,0.1014,0.238,0.2503,0.1473524,0.1614479
54,Prok_Taxa00071,0.6,1.0,0.9,1.0,0.9854,0.8203,0.0424,0.1444,0.0046834,0.0537482
55,Prok_Taxa00073,0.0,1.5,0.6,1.5,0.9414,0.0052,0.0841,0.253,0.0183941,0.1648994
56,Prok_Taxa00075,0.0,1.0,0.6,0.8,0.9513,0.8218,0.0769,0.1941,0.0153784,0.0970513
57,Prok_Taxa00076,0.4,2.0,0.9,1.0,0.9852,0.8582,0.0427,0.1294,0.0047426,0.0431341
58,Prok_Taxa00077,0.0,1.5,0.6,1.5,0.93,0.2278,0.0917,0.2465,0.0218561,0.1566361
59,Prok_Taxa00078,0.0,1.5,0.4,0.5,0.9281,0.1066,0.093,0.2495,0.0224783,0.1603808
60,Prok_Taxa00079,0.0,0.5,0.0,0.5,0.9538,0.5059,0.0749,0.2409,0.0146094,0.1495693
61,Prok_Taxa00080,0.4,2.0,0.8,2.0,0.9215,0.4746,0.0978,0.2312,0.0248594,0.1377537
62,Prok_Taxa00082,0.2,0.5,0.6,0.5,0.9867,0.8765,0.0407,0.1211,0.0042992,0.037777
63,Prok_Taxa00083,0.0,0.5,0.2,1.0,0.9866,0.7907,0.0407,0.1537,0.0043,0.0608912
64,Prok_Taxa00084,0.0,1.0,0.6,0.5,0.9441,0.238,0.0822,0.2448,0.0175912,0.1544399
65,Prok_Taxa00085,0.0,1.0,0.6,1.5,0.9831,0.6604,0.0457,0.1912,0.0054299,0.0941891
66,Prok_Taxa00086,0.0,0.5,0.8,0.5,0.9341,0.0933,0.1477,0.2498,0.0567649,0.1608685
67,Prok_Taxa00087,0.0,1.5,0.6,1.0,0.9853,0.7694,0.0426,0.1611,0.0047129,0.0668966
68,Prok_Taxa00088,0.0,1.0,0.8,0.5,0.9284,0.0936,0.1503,0.2499,0.0587626,0.1609257
69,Prok_Taxa00089,0.0,0.8,0.4,0.5,0.937,0.6693,0.0871,0.1921,0.0197338,0.0950629
70,Prok_Taxa00091,0.0,1.5,0.0,1.0,0.9148,0.0868,0.1007,0.2497,0.0263956,0.1606696
71,Prok_Taxa00092,0.4,2.0,0.8,0.8,0.9198,0.0834,0.1215,0.2498,0.0383957,0.1608332
72,Prok_Taxa00093,0.0,0.8,0.0,0.8,0.86,0.0398,0.1273,0.2517,0.0421341,0.1632519
73,Prok_Taxa00094,0.8,0.8,0.0,0.5,0.9708,0.7432,0.0599,0.2026,0.0093347,0.1057775
74,Prok_Taxa00095,0.4,1.0,0.8,1.5,0.918,0.083,0.1072,0.2498,0.0299082,0.1607705
75,Prok_Taxa00097,0.2,2.0,0.9,0.5,0.9819,0.8322,0.0475,0.1401,0.0058656,0.0505525
76,Prok_Taxa00098,0.6,1.0,0.0,0.5,0.8648,0.0137,0.1252,0.2512,0.0407842,0.1626054
77,Prok_Taxa00099,0.0,0.8,0.0,0.5,0.8878,0.0963,0.1148,0.2513,0.0342986,0.1626849
78,Prok_Taxa00100,0.8,0.5,0.0,0.5,0.988,0.7489,0.0386,0.1676,0.0038801,0.0723899
79,Prok_Taxa00101,0.4,1.0,0.8,1.5,0.8801,0.0959,0.1363,0.2497,0.0483413,0.1606176
80,Prok_Taxa00102,0.4,0.5,0.8,0.5,0.9344,0.0898,0.1452,0.2498,0.0548251,0.1608566
81,Prok_Taxa00104,0.6,2.0,0.6,2.0,0.9446,0.1017,0.0819,0.2494,0.0174425,0.160328
82,Prok_Taxa00107,0.0,0.5,0.6,1.0,0.9603,0.81,0.0696,0.1538,0.0125935,0.060919
83,Prok_Taxa00108,0.6,2.0,0.4,1.0,0.9672,0.8396,0.0634,0.1594,0.0104579,0.0654552
84,Prok_Taxa00110,0.8,0.8,0.0,0.5,0.9603,0.7198,0.0696,0.208,0.0125857,0.11153
85,Prok_Taxa00111,0.6,1.5,0.6,1.5,0.9026,0.0969,0.1073,0.25,0.0299696,0.1610572
86,Prok_Taxa00113,0.8,1.5,0.0,0.5,0.9501,0.7354,0.0778,0.196,0.0157386,0.0989873
87,Prok_Taxa00114,0.4,2.0,0.4,1.0,0.9758,0.8597,0.0545,0.1298,0.0077247,0.0434157
88,Prok_Taxa00115,0.0,0.5,0.8,0.5,0.9857,0.856,0.0421,0.1383,0.0046156,0.0492974
89,Prok_Taxa00116,0.0,0.5,0.6,0.5,0.8842,-0.0,0.1165,0.2519,0.0353111,0.1635823
90,Prok_Taxa00117,0.0,1.5,0.0,0.5,0.8758,0.088,0.1204,0.2498,0.0376916,0.1608643
91,Prok_Taxa00118,0.0,1.5,0.0,0.5,0.905,0.0898,0.1061,0.2498,0.029271,0.1608552
92,Prok_Taxa00119,0.8,1.0,0.6,0.5,0.9877,0.8613,0.039,0.129,0.0039578,0.0428513
93,Prok_Taxa00120,0.8,0.5,0.8,0.5,0.9391,0.0929,0.1473,0.2499,0.0564258,0.160885
94,Prok_Taxa00121,0.4,0.8,0.6,1.0,0.9535,0.8656,0.0751,0.1339,0.0146894,0.0462047
95,Prok_Taxa00122,0.0,0.8,0.6,0.5,0.9865,0.7132,0.0409,0.1791,0.0043571,0.0826903
96,Prok_Taxa00123,0.6,0.8,0.0,2.0,0.9291,0.0035,0.0922,0.2535,0.0221278,0.1656561
97,Prok_Taxa00125,0.0,1.5,0.6,0.5,0.9131,0.1519,0.1017,0.2481,0.0269054,0.1586746
98,Prok_Taxa00126,0.0,1.0,0.6,0.8,0.912,0.169,0.1023,0.2489,0.027211,0.1596982
99,Prok_Taxa00128,0.0,1.5,0.0,0.8,0.9264,0.168,0.0939,0.2506,0.0229486,0.1617957
100,Prok_Taxa00129,0.4,1.5,0.6,1.0,0.9783,0.812,0.0517,0.1529,0.0069604,0.0602557
101,Prok_Taxa00130,0.8,0.8,0.8,1.0,0.972,0.8809,0.0586,0.1221,0.0089445,0.0383901
102,Prok_Taxa00132,0.0,1.5,0.4,0.5,0.9781,0.8012,0.0521,0.1589,0.0070584,0.0650444
103,Prok_Taxa00133,0.0,2.0,0.2,1.0,0.991,0.8204,0.0334,0.1441,0.0028946,0.0534964
104,Prok_Taxa00134,0.2,1.5,0.4,0.5,0.9783,0.8884,0.0517,0.1163,0.0069505,0.034829
105,Prok_Taxa00135,0.2,2.0,0.0,1.0,0.9777,0.6435,0.0524,0.1942,0.007143,0.0971728
106,Prok_Taxa00136,0.8,0.5,0.8,0.5,0.9391,0.0929,0.1473,0.2499,0.0564258,0.160885
107,Prok_Taxa00138,0.2,0.5,0.6,0.8,0.9848,0.8107,0.0433,0.1542,0.0048793,0.0612449
108,Prok_Taxa00139,0.0,1.5,0.4,0.8,0.8912,0.184,0.1132,0.249,0.0333107,0.1598013
109,Prok_Taxa00140,0.4,1.5,0.8,1.5,0.856,0.2108,0.1305,0.2465,0.0443256,0.1566301
110,Prok_Taxa00143,0.0,2.0,0.8,1.5,0.9788,0.82,0.0511,0.1438,0.0067802,0.0533236
111,Prok_Taxa00144,0.0,0.8,0.6,0.5,0.9726,0.8061,0.058,0.1808,0.0087609,0.0842781
112,Prok_Taxa00145,0.9,2.0,0.0,0.8,0.9864,0.8365,0.041,0.141,0.0043706,0.0512375
113,Prok_Taxa00146,0.0,1.0,0.0,0.5,0.8045,0.0664,0.1481,0.2503,0.0570782,0.1614942
114,Prok_Taxa00147,0.2,0.8,0.2,0.5,0.9856,0.7733,0.0421,0.1615,0.0046189,0.0672235
115,Prok_Taxa00148,0.2,1.5,0.0,1.0,0.9901,0.8787,0.0349,0.1205,0.0031716,0.0373892
116,Prok_Taxa00149,0.8,0.8,0.8,1.0,0.9769,0.8523,0.0533,0.1395,0.007384,0.050116
117,Prok_Taxa00150,0.2,1.5,0.0,0.5,0.9843,0.6404,0.044,0.194,0.0050383,0.0970152
118,Prok_Taxa00151,0.2,1.5,0.2,0.5,0.9888,0.8839,0.0373,0.1287,0.0036237,0.0427121
119,Prok_Taxa00152,0.0,1.5,0.4,0.5,0.7229,0.2824,0.1724,0.2413,0.077322,0.1500926
120,Prok_Taxa00156,0.0,1.5,0.4,0.5,0.79,0.1416,0.1529,0.248,0.0608203,0.1585382
121,Prok_Taxa00158,0.0,1.5,0.8,1.5,0.9003,0.1654,0.1107,0.2476,0.0318563,0.1580383
122,Prok_Taxa00160,0.0,1.0,0.6,1.0,0.9786,0.6683,0.0513,0.1929,0.0068442,0.095884
123,Prok_Taxa00161,0.6,1.5,0.0,0.5,0.8197,0.0978,0.1429,0.2502,0.0531586,0.1613005
124,Prok_Taxa00162,0.0,1.5,0.6,0.5,0.9814,0.6633,0.0478,0.1944,0.0059561,0.0974139
125,Prok_Taxa00163,0.0,2.0,0.0,0.5,0.969,0.6815,0.0616,0.1981,0.0098851,0.1010818
126,Prok_Taxa00164,0.4,0.5,0.8,0.5,0.9497,0.0995,0.1559,0.2499,0.0632151,0.1608757
127,Prok_Taxa00165,0.0,1.0,0.6,0.5,0.9528,0.5917,0.0757,0.2099,0.014923,0.1134869
128,Prok_Taxa00166,0.2,2.0,0.0,0.5,0.9873,0.842,0.0396,0.1434,0.0040835,0.0530145
129,Prok_Taxa00167,0.8,1.0,0.8,0.8,0.975,0.8237,0.0554,0.1475,0.0079913,0.0560444
130,Prok_Taxa00168,0.0,2.0,0.6,2.0,0.9667,0.755,0.0638,0.1687,0.0105882,0.0733542
131,Prok_Taxa00169,0.4,1.0,0.8,2.0,0.9563,0.7594,0.0734,0.2375,0.0140213,0.1453958
132,Prok_Taxa00171,0.2,2.0,0.0,0.8,0.9843,0.6017,0.044,0.2092,0.0050297,0.1128056
133,Prok_Taxa00172,0.6,2.0,0.0,1.5,0.9822,0.7754,0.0468,0.163,0.0057093,0.0684381
134,Prok_Taxa00174,0.0,0.5,0.2,1.0,0.9854,0.8292,0.0425,0.1435,0.0046984,0.0530751
135,Prok_Taxa00176,0.0,1.0,0.0,0.5,0.8531,0.0003,0.1302,0.252,0.0441219,0.1636906
136,Prok_Taxa00177,0.0,0.8,0.8,1.0,0.9828,0.8623,0.046,0.1297,0.0055146,0.043376
137,Prok_Taxa00178,0.0,0.8,0.6,1.5,0.9023,0.2779,0.1075,0.2445,0.0300804,0.1540061
138,Prok_Taxa00179,0.6,0.8,0.9,2.0,0.9893,0.8653,0.0363,0.1352,0.0034348,0.0470808
139,Prok_Taxa00180,0.2,1.5,0.6,1.5,0.9878,0.7851,0.0389,0.1656,0.0039361,0.0706664
140,Prok_Taxa00181,0.4,1.5,0.8,0.5,0.3565,0.3139,0.2352,0.241,0.1438707,0.1496761
141,Prok_Taxa00182,0.9,2.0,0.8,1.0,0.9817,0.7854,0.0476,0.1581,0.0058916,0.0644446
142,Prok_Taxa00184,0.6,1.0,0.6,0.5,0.96,0.4751,0.0699,0.2278,0.0126936,0.1337272
143,Prok_Taxa00185,0.2,0.5,0.2,2.0,0.979,0.7699,0.0509,0.1606,0.0067274,0.0664488
144,Prok_Taxa00186,0.0,2.0,0.0,0.5,0.9811,0.8673,0.0483,0.1291,0.0060668,0.0429791
145,Prok_Taxa00188,0.4,0.5,0.0,0.5,0.9807,0.8653,0.0488,0.1277,0.0061878,0.0420186
146,Prok_Taxa00189,0.0,0.5,0.8,0.5,0.9488,0.1663,0.0788,0.2474,0.0161705,0.1577609
147,Prok_Taxa00190,0.4,1.5,0.4,0.5,0.9532,0.1147,0.0755,0.2492,0.014825,0.1600588
148,Prok_Taxa00191,0.6,1.0,0.0,2.0,0.9561,0.7515,0.0732,0.1857,0.0139364,0.088913
149,Prok_Taxa00193,0.4,1.0,0.8,1.5,0.8867,0.0996,0.1188,0.2497,0.0367279,0.1606623
150,Prok_Taxa00194,0.8,1.0,0.4,1.5,0.9653,0.727,0.0651,0.1782,0.0110236,0.0818379
151,Prok_Taxa00195,0.6,0.5,0.0,0.8,0.9409,0.0438,0.0845,0.2557,0.018586,0.1685271
152,Prok_Taxa00196,0.0,0.5,0.8,0.5,0.9391,0.0929,0.1473,0.2499,0.0564258,0.160885
153,Prok_Taxa00197,0.6,0.8,0.4,1.0,0.9694,0.285,0.0612,0.2509,0.0097455,0.1622014
154,Prok_Taxa00199,0.8,0.5,0.8,0.5,0.9391,0.0929,0.1473,0.2499,0.0564258,0.160885
155,Prok_Taxa00201,0.8,1.0,0.6,1.0,0.9876,0.7269,0.0391,0.1938,0.0039773,0.0968117
156,Prok_Taxa00202,0.8,1.0,0.8,1.0,0.9807,0.8581,0.0487,0.1293,0.0061732,0.0430986
157,Prok_Taxa00203,0.0,0.5,0.4,0.5,0.8981,0.1638,0.1097,0.2487,0.0312875,0.1593819
158,Prok_Taxa00206,0.6,2.0,0.6,0.5,0.9877,0.845,0.039,0.1355,0.0039474,0.0473163
159,Prok_Taxa00207,0.0,0.5,0.6,0.5,0.9783,0.8028,0.0517,0.1519,0.0069541,0.0594656
160,Prok_Taxa00208,0.6,2.0,0.0,0.5,0.9747,0.8187,0.0557,0.147,0.0080787,0.0557003
161,Prok_Taxa00209,0.6,0.5,0.0,1.0,0.9832,0.8403,0.0455,0.1459,0.0053781,0.0548542
162,Prok_Taxa00211,0.8,0.5,0.6,0.5,0.9907,0.84,0.0339,0.1397,0.002992,0.0503092
163,Prok_Taxa00212,0.4,1.5,0.6,0.8,0.9665,0.7919,0.0641,0.1649,0.0106837,0.0701148
164,Prok_Taxa00213,0.0,0.5,0.6,1.5,0.9694,0.1168,0.0613,0.2494,0.0097706,0.1602769
165,Prok_Taxa00214,0.4,0.8,0.2,0.5,0.9841,0.8674,0.0443,0.1267,0.0051003,0.0413429
166,Prok_Taxa00216,0.0,2.0,0.6,1.0,0.9654,0.785,0.065,0.1556,0.0110033,0.0623957
167,Prok_Taxa00217,0.0,1.5,0.4,1.0,0.9901,0.8322,0.035,0.1396,0.0031824,0.0502534
168,Prok_Taxa00218,0.9,2.0,0.9,0.5,0.9811,0.7175,0.0483,0.179,0.0060619,0.0825547
169,Prok_Taxa00220,0.2,1.5,0.8,2.0,0.9858,0.8548,0.0419,0.1345,0.0045695,0.046602
170,Prok_Taxa00221,0.0,1.0,0.0,0.5,0.9431,0.5166,0.0829,0.2361,0.0178891,0.1436026
171,Prok_Taxa00222,0.8,0.5,0.8,1.5,0.9819,0.8535,0.0473,0.1328,0.0058138,0.0454516
172,Prok_Taxa00223,0.6,2.0,0.0,0.5,0.9308,0.149,0.0912,0.2486,0.0216529,0.1592094
173,Prok_Taxa00225,0.0,1.5,0.6,0.5,0.9217,0.2133,0.0967,0.2489,0.0243518,0.1596744
174,Prok_Taxa00227,0.8,0.5,0.8,0.5,0.9391,0.0929,0.1473,0.2499,0.0564258,0.160885
175,Prok_Taxa00228,0.6,0.8,0.9,1.5,0.9562,0.7041,0.073,0.1863,0.013873,0.0894708
176,Prok_Taxa00229,0.8,0.5,0.6,0.5,0.9465,0.3298,0.0805,0.2373,0.0168515,0.1451711
177,Prok_Taxa00231,0.8,1.0,0.0,0.8,0.9755,0.8665,0.0549,0.1258,0.0078303,0.0407584
178,Prok_Taxa00232,0.0,0.8,0.6,1.5,0.9516,0.664,0.0767,0.1879,0.0152864,0.0909471
179,Prok_Taxa00234,0.0,0.5,0.6,1.5,0.9364,-0.0113,0.0875,0.2536,0.0199237,0.165703
180,Prok_Taxa00235,0.4,1.5,0.8,0.8,0.8909,0.0786,0.1341,0.2499,0.0467715,0.1608786
181,Prok_Taxa00238,0.0,0.8,0.4,0.5,0.8223,0.5949,0.1419,0.2122,0.0523857,0.1159848
182,Prok_Taxa00239,0.0,0.8,0.0,1.0,0.9593,0.8207,0.0705,0.1433,0.0129126,0.0528935
183,Prok_Taxa00240,0.0,0.5,0.4,0.5,0.9683,0.7486,0.0623,0.1677,0.0100888,0.0724632
184,Prok_Taxa00242,0.0,1.5,0.4,1.5,0.992,0.8846,0.0316,0.1192,0.0025902,0.0366087
185,Prok_Taxa00243,0.8,1.5,0.8,0.5,0.9456,0.1636,0.0812,0.2478,0.0171537,0.1582509
186,Prok_Taxa00244,0.2,1.0,0.8,0.5,0.9829,0.6868,0.0459,0.1947,0.0054803,0.0977171
187,Prok_Taxa00245,0.8,0.8,0.0,0.5,0.9758,0.8422,0.0545,0.152,0.0077324,0.0595749
188,Prok_Taxa00247,0.8,0.8,0.4,0.8,0.9764,0.6808,0.0539,0.1842,0.0075617,0.0873984
189,Prok_Taxa00250,0.8,1.0,0.4,0.5,0.9906,0.7462,0.0342,0.1715,0.0030349,0.0757575
190,Prok_Taxa00251,0.6,1.0,0.6,1.0,0.9883,0.8758,0.0381,0.1229,0.0037809,0.0389073
191,Prok_Taxa00252,0.8,0.5,0.6,0.5,0.9898,0.8503,0.0356,0.1335,0.0032923,0.0459517
192,Prok_Taxa00253,0.2,1.0,0.6,0.8,0.9822,0.842,0.0469,0.1431,0.005723,0.0527956
193,Prok_Taxa00254,0.6,1.0,0.4,0.8,0.9892,0.7751,0.0366,0.1592,0.0034796,0.0652925
194,Prok_Taxa00255,0.0,2.0,0.4,1.0,0.9466,0.2462,0.0804,0.245,0.0168042,0.1547141
195,Prok_Taxa00256,0.0,1.5,0.0,0.5,0.8308,0.1041,0.1388,0.2531,0.050133,0.1650872
196,Prok_Taxa00257,0.0,0.8,0.6,0.8,0.9641,0.6788,0.0662,0.1869,0.0114079,0.0900373
197,Prok_Taxa00258,0.0,2.0,0.4,1.0,0.9615,0.8031,0.0686,0.164,0.0122315,0.0692717
198,Prok_Taxa00260,0.0,2.0,0.6,1.5,0.9353,0.1462,0.0882,0.2489,0.0202445,0.1595872
199,Prok_Taxa00261,0.2,1.5,0.0,0.8,0.9601,0.0638,0.0697,0.254,0.0126564,0.166252
200,Prok_Taxa00262,0.4,2.0,0.4,0.5,0.9846,0.8358,0.0436,0.145,0.0049496,0.0541538
201,Prok_Taxa00263,0.6,2.0,0.6,0.5,0.9722,0.3734,0.0586,0.2376,0.0089257,0.1454924
202,Prok_Taxa00265,0.0,0.8,0.9,1.0,0.9741,0.8488,0.0564,0.1387,0.0082745,0.0495781
203,Prok_Taxa00266,0.0,0.8,0.0,0.5,0.9416,0.6962,0.084,0.2048,0.0183391,0.108052
204,Prok_Taxa00267,0.6,1.5,0.6,0.8,0.9593,0.0924,0.0704,0.2499,0.0128991,0.160973
205,Prok_Taxa00269,0.6,1.0,0.6,0.5,0.9783,0.8483,0.0517,0.1334,0.0069663,0.0458292
206,Prok_Taxa00272,0.2,0.5,0.6,2.0,0.9929,0.9,0.0297,0.1107,0.0022886,0.0315847
207,Prok_Taxa00273,0.0,2.0,0.8,2.0,0.9847,0.8372,0.0434,0.1483,0.0049093,0.0566727
208,Prok_Taxa00275,0.8,0.5,0.8,0.8,0.987,0.826,0.0401,0.1443,0.00418,0.0536785
209,Prok_Taxa00276,0.0,1.0,0.0,0.5,0.9808,0.7088,0.0487,0.1798,0.0061646,0.0832682
210,Prok_Taxa00277,0.8,0.8,0.6,0.8,0.9865,0.8594,0.0408,0.142,0.0043296,0.0519584
211,Prok_Taxa00279,0.8,2.0,0.4,0.5,0.9559,0.1034,0.0733,0.2493,0.0139749,0.1601695
212,Prok_Taxa00280,0.8,0.5,0.8,0.5,0.9391,0.0929,0.1473,0.2499,0.0564258,0.160885
213,Prok_Taxa00282,0.8,2.0,0.8,1.5,0.99,0.8366,0.0351,0.1389,0.0032064,0.0497215
214,Prok_Taxa00284,0.6,2.0,0.8,0.8,0.9744,0.8267,0.0561,0.1423,0.0081744,0.0522157
215,Prok_Taxa00285,0.8,1.0,0.6,0.5,0.9784,0.8505,0.0521,0.1599,0.0070696,0.0658529
216,Prok_Taxa00287,0.8,0.8,0.4,0.5,0.9781,0.8115,0.052,0.1475,0.0070215,0.0560846
217,Prok_Taxa00288,0.9,0.5,0.9,2.0,0.975,0.8097,0.0554,0.1546,0.0079877,0.0616104
218,Prok_Taxa00289,0.6,1.0,0.8,0.5,0.9777,0.4391,0.0524,0.234,0.0071531,0.1410716
219,Prok_Taxa00290,0.0,2.0,0.0,0.5,0.6558,0.0904,0.1883,0.2505,0.0921961,0.1617582
220,Prok_Taxa00291,0.0,1.5,0.4,2.0,0.9689,0.6556,0.0617,0.1903,0.0099077,0.0933195
221,Prok_Taxa00292,0.0,1.5,0.6,0.8,0.9043,0.2291,0.1065,0.2499,0.0294949,0.1609055
222,Prok_Taxa00293,0.0,0.8,0.8,2.0,0.9757,0.2311,0.0546,0.248,0.0077691,0.1585211
223,Prok_Taxa00294,0.0,2.0,0.0,0.8,0.923,0.0752,0.0961,0.2499,0.0240241,0.1608856
224,Prok_Taxa00296,0.6,1.5,0.6,1.5,0.9776,0.7577,0.0525,0.1709,0.0071758,0.0752374
225,Prok_Taxa00297,0.4,1.5,0.2,0.5,0.9874,0.8366,0.0396,0.1385,0.0040753,0.0494548
226,Prok_Taxa00300,0.0,0.8,0.6,0.5,0.977,0.8735,0.0532,0.1231,0.0073567,0.0390638
227,Prok_Taxa00301,0.0,1.5,0.6,0.5,0.9842,0.8662,0.0441,0.126,0.0050624,0.0409396
228,Prok_Taxa00303,0.6,2.0,0.6,1.0,0.929,0.2198,0.0923,0.2466,0.0221635,0.1566864
229,Prok_Taxa00305,0.8,1.0,0.9,2.0,0.987,0.8854,0.0401,0.1175,0.0041851,0.0355817
230,Prok_Taxa00307,0.2,0.5,0.9,2.0,0.9898,0.8723,0.0355,0.1276,0.0032815,0.0419826
231,Prok_Taxa00308,0.6,1.0,0.0,0.5,0.9764,0.7715,0.0539,0.1703,0.0075554,0.0747216
232,Prok_Taxa00310,0.4,2.0,0.8,0.5,0.9692,0.8346,0.0614,0.1631,0.0098085,0.0685303
233,Prok_Taxa00311,0.4,2.0,0.8,0.5,0.981,0.8793,0.0485,0.1205,0.0061074,0.0374249
234,Prok_Taxa00312,0.2,2.0,0.8,0.5,0.9679,0.7617,0.0628,0.1904,0.0102493,0.0933757
235,Prok_Taxa00313,0.0,1.0,0.0,0.5,0.9844,0.7616,0.0438,0.1655,0.0049985,0.0706245
236,Prok_Taxa00314,0.6,0.5,0.4,0.8,0.9908,0.8512,0.0338,0.132,0.0029781,0.0448993
237,Prok_Taxa00315,0.0,1.5,0.6,0.5,0.9885,0.6889,0.0377,0.1969,0.0036907,0.0998703
238,Prok_Taxa00316,0.0,1.0,0.6,0.5,0.9419,0.1465,0.0838,0.2483,0.0182569,0.1588807
239,Prok_Taxa00317,0.0,2.0,0.8,0.5,0.9809,0.8626,0.0485,0.1288,0.006112,0.0427695
240,Prok_Taxa00318,0.2,1.0,0.0,0.8,0.9815,0.4469,0.0477,0.2359,0.0059287,0.1433573
241,Prok_Taxa00319,0.6,0.8,0.8,1.0,0.9844,0.8782,0.0438,0.1231,0.0050008,0.0390665
242,Prok_Taxa00321,0.8,0.8,0.0,1.0,0.9868,0.606,0.0404,0.2057,0.0042523,0.1089879
243,Prok_Taxa00322,0.4,0.5,0.0,0.5,0.9541,0.6656,0.0747,0.2037,0.0145196,0.106956
244,Prok_Taxa00323,0.4,2.0,0.8,2.0,0.9948,0.9467,0.0253,0.0813,0.0016686,0.0170164
245,Prok_Taxa00324,0.0,1.5,0.6,0.8,0.8942,0.0805,0.1116,0.25,0.0324244,0.1611092
246,Prok_Taxa00326,0.0,2.0,0.6,1.5,0.9826,0.7463,0.0463,0.1866,0.0055784,0.0897511
247,Prok_Taxa00328,0.6,2.0,0.6,1.0,0.921,0.0541,0.0972,0.2506,0.0245624,0.1617829
248,Prok_Taxa00329,0.0,1.0,0.6,0.8,0.9521,0.093,0.0763,0.25,0.0151347,0.1610045
249,Prok_Taxa00330,0.4,2.0,0.6,0.5,0.9785,0.8046,0.0516,0.151,0.0069148,0.0587438
250,Prok_Taxa00331,0.2,0.8,0.2,0.5,0.9901,0.8411,0.035,0.1366,0.0031805,0.0481136
251,Prok_Taxa00332,0.0,2.0,0.0,2.0,0.9461,0.7693,0.0808,0.1827,0.0169818,0.0859908
252,Prok_Taxa00333,0.6,1.0,0.4,2.0,0.9601,0.7866,0.0697,0.1721,0.0126448,0.0763491
253,Prok_Taxa00337,0.0,0.5,0.0,0.5,0.9035,0.0782,0.1069,0.2555,0.0297504,0.16822
254,Prok_Taxa00338,0.0,0.8,0.6,0.8,0.9162,0.0998,0.0999,0.2543,0.0259881,0.16666
255,Prok_Taxa00340,0.9,0.5,0.9,0.5,0.9809,0.8095,0.0486,0.1581,0.006145,0.0644429
256,Prok_Taxa00341,0.0,1.0,0.6,0.5,0.8658,0.0756,0.1248,0.2499,0.0405054,0.1608774
257,Prok_Taxa00343,0.6,2.0,0.0,0.8,0.9783,0.8116,0.0516,0.1499,0.0069379,0.0578797
258,Prok_Taxa00345,0.6,2.0,0.6,2.0,0.9898,0.8207,0.0355,0.1453,0.0032852,0.0544218
259,Prok_Taxa00346,0.2,0.5,0.2,2.0,0.9855,0.7804,0.0424,0.1624,0.004673,0.0679965
260,Prok_Taxa00349,0.2,1.0,0.6,1.0,0.9906,0.8718,0.0342,0.1244,0.003041,0.0398777
261,Prok_Taxa00350,0.0,1.0,0.8,0.5,0.9708,0.8016,0.0599,0.1577,0.0093193,0.0641246
262,Prok_Taxa00351,0.4,1.5,0.6,1.0,0.986,0.8409,0.0416,0.151,0.0045096,0.0587797
263,Prok_Taxa00352,0.0,1.0,0.6,2.0,0.9588,0.1273,0.0709,0.2486,0.0130712,0.1592407
264,Prok_Taxa00353,0.8,1.5,0.9,2.0,0.9902,0.8965,0.0349,0.1116,0.0031611,0.0320771
265,Prok_Taxa00354,0.6,0.8,0.8,0.5,0.9781,0.7906,0.052,0.1743,0.0070288,0.078256
266,Prok_Taxa00355,0.0,1.5,0.4,1.5,0.9842,0.7835,0.0441,0.16,0.0050667,0.0659934
267,Prok_Taxa00358,0.8,1.0,0.2,0.5,0.9872,0.6145,0.0399,0.2018,0.0041334,0.1049841
268,Prok_Taxa00359,0.8,1.5,0.0,0.8,0.9761,0.4299,0.0542,0.2273,0.0076542,0.1331463
269,Prok_Taxa00360,0.8,1.5,0.9,2.0,0.9928,0.8866,0.03,0.1217,0.0023371,0.0381897
270,Prok_Taxa00361,0.9,0.5,0.4,2.0,0.984,0.8612,0.0444,0.1311,0.0051241,0.0442599
271,Prok_Taxa00362,0.0,2.0,0.0,2.0,0.9881,0.4604,0.0384,0.2424,0.0038327,0.1513775
272,Prok_Taxa00364,0.0,1.0,0.0,0.5,0.7912,0.0862,0.1525,0.2497,0.0605226,0.1606452
273,Prok_Taxa00368,0.4,0.8,0.4,0.5,0.9836,0.8341,0.045,0.1435,0.0052565,0.053085
274,Prok_Taxa00369,0.8,0.5,0.6,1.0,0.9884,0.7141,0.0379,0.1779,0.0037343,0.0815813
275,Prok_Taxa00370,0.4,0.8,0.4,0.8,0.9462,0.3431,0.0807,0.2393,0.0169374,0.1475565
276,Prok_Taxa00371,0.8,0.5,0.0,0.8,0.985,0.7616,0.0431,0.1691,0.0048269,0.0736489
277,Prok_Taxa00372,0.8,1.5,0.4,1.0,0.9835,0.8338,0.0451,0.1453,0.0052934,0.0544392
278,Prok_Taxa00373,0.2,2.0,0.2,0.5,0.9886,0.7346,0.0375,0.1759,0.0036634,0.0797781
279,Prok_Taxa00374,0.2,0.8,0.4,0.8,0.9852,0.8694,0.0428,0.1241,0.0047678,0.039656
280,Prok_Taxa00376,0.0,2.0,0.4,0.5,0.9644,0.2607,0.066,0.2449,0.011334,0.1545595
281,Prok_Taxa00377,0.0,0.5,0.8,0.5,0.9406,-0.0264,0.0847,0.2577,0.0186645,0.1710769
282,Prok_Taxa00378,0.0,1.5,0.0,0.5,0.8527,0.1161,0.1303,0.2505,0.0441382,0.1617379
283,Prok_Taxa00379,0.0,0.8,0.4,0.8,0.9381,0.4488,0.0864,0.2433,0.0194066,0.1524824
284,Prok_Taxa00380,0.9,1.5,0.4,0.8,0.9856,0.8677,0.0421,0.1262,0.0046151,0.041053
285,Prok_Taxa00381,0.4,1.5,0.6,1.5,0.9411,0.1812,0.0844,0.2471,0.0185107,0.157407
286,Prok_Taxa00382,0.2,2.0,0.6,1.5,0.9928,0.853,0.0299,0.1373,0.002327,0.0485932
287,Prok_Taxa00383,0.4,1.5,0.2,0.5,0.987,0.8355,0.04,0.1378,0.0041676,0.0489068
288,Prok_Taxa00384,0.4,2.0,0.4,2.0,0.9804,0.8836,0.0491,0.1257,0.006277,0.0407357
289,Prok_Taxa00385,0.0,1.5,0.0,0.8,0.8924,0.0452,0.1126,0.2515,0.0329654,0.1630414
290,Prok_Taxa00386,0.6,1.0,0.2,2.0,0.9801,0.8415,0.0495,0.1376,0.006384,0.0487818
291,Prok_Taxa00387,0.0,0.5,0.9,0.8,0.9815,0.8051,0.0477,0.1498,0.0059189,0.0578314
292,Prok_Taxa00388,0.4,0.5,0.8,0.8,0.9875,0.8454,0.0393,0.1341,0.004011,0.0463459
293,Prok_Taxa00390,0.4,1.0,0.2,2.0,0.9791,0.8276,0.0508,0.1439,0.006707,0.0533705
294,Prok_Taxa00391,0.2,0.5,0.4,2.0,0.9806,0.8331,0.0488,0.1417,0.0062055,0.0517677
295,Prok_Taxa00393,0.6,1.0,0.6,0.5,0.9682,0.2161,0.0625,0.2477,0.0101502,0.1581344
296,Prok_Taxa00394,0.0,2.0,0.2,1.0,0.986,0.7686,0.0415,0.1667,0.00449,0.0716259
297,Prok_Taxa00396,0.2,0.8,0.6,2.0,0.9845,0.8048,0.0438,0.1501,0.0049796,0.0580748
298,Prok_Taxa00398,0.0,1.0,0.4,0.5,0.925,0.4316,0.0948,0.2451,0.0233695,0.1547985
299,Prok_Taxa00399,0.4,0.5,0.0,0.8,0.9479,0.1394,0.0795,0.2494,0.016429,0.1602409
300,Prok_Taxa00400,0.6,1.5,0.6,0.5,0.9197,0.0919,0.0979,0.2511,0.0249547,0.1625012
301,Prok_Taxa00402,0.0,1.5,0.4,0.8,0.9124,0.1047,0.1021,0.2493,0.0271083,0.1601713
302,Prok_Taxa00403,0.0,1.0,0.0,0.8,0.9083,0.1709,0.1043,0.2474,0.0283042,0.1577031
303,Prok_Taxa00404,0.0,0.5,0.0,0.8,0.9181,0.0788,0.0989,0.25,0.0254709,0.1610574
304,Prok_Taxa00405,0.0,1.5,0.6,1.0,0.9416,0.1215,0.084,0.2489,0.0183508,0.1597011
305,Prok_Taxa00406,0.4,2.0,0.2,0.5,0.9824,0.8533,0.0466,0.1337,0.0056541,0.0460637
306,Prok_Taxa00409,0.8,1.0,0.8,0.5,0.9775,0.8682,0.0532,0.1317,0.0073618,0.0447207
307,Prok_Taxa00413,0.9,0.5,0.9,2.0,0.9915,0.8638,0.0324,0.1266,0.0027336,0.0412774
308,Prok_Taxa00414,0.2,0.8,0.6,0.8,0.9751,0.7937,0.0553,0.1602,0.0079616,0.066112
309,Prok_Taxa00415,0.6,2.0,0.6,0.5,0.982,0.825,0.0471,0.142,0.0057813,0.0519488
310,Prok_Taxa00416,0.0,1.5,0.0,0.8,0.9866,0.6724,0.0407,0.1881,0.0043077,0.091137
311,Prok_Taxa00417,0.4,2.0,0.8,1.0,0.8403,0.1595,0.1397,0.2485,0.0507384,0.1590918
312,Prok_Taxa00418,0.6,0.5,0.4,0.8,0.986,0.8434,0.0416,0.1354,0.0044991,0.0472488
313,Prok_Taxa00419,0.9,0.5,0.8,0.8,0.9893,0.7473,0.0364,0.1796,0.0034476,0.0831301
314,Prok_Taxa00421,0.6,1.5,0.6,0.5,0.9325,0.0893,0.09,0.2497,0.0210941,0.160645
315,Prok_Taxa00422,0.8,0.8,0.4,0.5,0.9914,0.8284,0.0326,0.1407,0.0027622,0.0510223
316,Prok_Taxa00423,0.6,1.5,0.4,1.5,0.9525,0.0881,0.076,0.251,0.0150159,0.1623414
317,Prok_Taxa00424,0.8,0.5,0.8,0.5,0.9391,0.0929,0.1473,0.2499,0.0564258,0.160885
318,Prok_Taxa00425,0.8,1.0,0.9,0.5,0.9861,0.8657,0.0416,0.1262,0.0044945,0.0410201
319,Prok_Taxa00426,0.4,0.5,0.9,1.0,0.9883,0.8483,0.038,0.135,0.0037508,0.0469925
320,Prok_Taxa00427,0.0,2.0,0.8,1.5,0.9853,0.7957,0.0427,0.1524,0.0047439,0.059879
321,Prok_Taxa00430,0.8,0.8,0.9,0.5,0.9785,0.7366,0.0515,0.1756,0.0068897,0.0794743
322,Prok_Taxa00433,0.9,0.8,0.4,0.5,0.9892,0.8856,0.0366,0.1197,0.0034921,0.0369104
323,Prok_Taxa00434,0.0,2.0,0.0,1.0,0.979,0.5508,0.0508,0.2181,0.0067109,0.1226369
324,Prok_Taxa00435,0.0,1.0,0.8,0.8,0.934,0.0838,0.1182,0.2498,0.0363243,0.1607501
325,Prok_Taxa00436,0.2,2.0,0.8,1.0,0.9726,0.8158,0.058,0.1505,0.0087435,0.05834
326,Prok_Taxa00437,0.8,0.8,0.8,0.8,0.9885,0.8593,0.0378,0.1318,0.0037134,0.0447908
327,Prok_Taxa00438,0.6,0.5,0.6,0.5,0.9546,0.0747,0.0743,0.25,0.0143576,0.1610801
328,Prok_Taxa00440,0.6,1.5,0.0,0.5,0.9023,0.1275,0.1076,0.249,0.0300941,0.159787
329,Prok_Taxa00441,0.8,0.8,0.0,0.5,0.9788,0.8078,0.051,0.1514,0.0067776,0.0590675
330,Prok_Taxa00443,0.4,2.0,0.0,1.5,0.9878,0.8533,0.0388,0.1352,0.0039214,0.0470992
331,Prok_Taxa00445,0.0,2.0,0.0,1.5,0.9843,0.8475,0.0441,0.1344,0.0050482,0.0465786
332,Prok_Taxa00447,0.6,1.5,0.6,1.0,0.9407,0.2224,0.0846,0.246,0.0186145,0.1559642
333,Prok_Taxa00448,0.6,2.0,0.6,0.5,0.9289,0.0559,0.0924,0.2536,0.0221954,0.1657184
334,Prok_Taxa00449,0.8,0.5,0.2,2.0,0.9855,0.8818,0.0423,0.119,0.0046556,0.036468
335,Prok_Taxa00450,0.9,0.5,0.6,0.5,0.9866,0.7741,0.0407,0.1605,0.0043185,0.0663984
336,Prok_Taxa00451,0.2,1.5,0.6,1.5,0.9673,0.8136,0.0633,0.1511,0.0104149,0.0588707
337,Prok_Taxa00452,0.2,1.5,0.6,0.5,0.977,0.1895,0.0537,0.2468,0.0074894,0.1570274
338,Prok_Taxa00454,0.0,2.0,0.6,0.5,0.9868,0.7885,0.0405,0.1569,0.0042653,0.0634005
339,Prok_Taxa00456,0.8,2.0,0.6,1.0,0.9849,0.825,0.0433,0.1424,0.0048668,0.0522499
340,Prok_Taxa00457,0.4,0.8,0.8,0.5,0.9826,0.779,0.0463,0.1667,0.005587,0.0716292
341,Prok_Taxa00460,0.6,0.5,0.6,1.0,0.96,0.8642,0.0699,0.133,0.0126957,0.0455954
342,Prok_Taxa00462,0.6,1.0,0.6,0.5,0.9867,0.8433,0.0406,0.1378,0.0042792,0.0489102
343,Prok_Taxa00463,0.0,2.0,0.2,1.0,0.9915,0.8474,0.0324,0.1343,0.0027268,0.0464976
344,Prok_Taxa00465,0.0,1.5,0.0,0.5,0.9733,0.75,0.0573,0.1693,0.0085393,0.0738935
345,Prok_Taxa00466,0.2,0.5,0.6,0.8,0.9741,0.8656,0.0564,0.126,0.0082823,0.0409204
346,Prok_Taxa00467,0.6,0.8,0.0,0.8,0.9803,0.882,0.0493,0.1204,0.0063117,0.0373314
347,Prok_Taxa00469,0.2,1.5,0.6,0.8,0.9879,0.3765,0.0387,0.2399,0.0038943,0.1483052
348,Prok_Taxa00471,0.9,1.0,0.8,0.8,0.9846,0.8615,0.0436,0.1328,0.0049471,0.0454308
349,Prok_Taxa00472,0.8,2.0,0.8,0.5,0.9821,0.8452,0.047,0.1358,0.005755,0.0475417
350,Prok_Taxa00473,0.0,2.0,0.8,0.8,0.9694,0.8125,0.0613,0.1484,0.0097719,0.0567331
351,Prok_Taxa00474,0.4,0.5,0.2,1.0,0.988,0.8388,0.0385,0.1408,0.0038637,0.0511047
352,Prok_Taxa00475,0.0,0.8,0.0,0.5,0.9869,0.8378,0.0403,0.1369,0.0042269,0.0482629
353,Prok_Taxa00476,0.4,1.0,0.4,1.0,0.9903,0.838,0.0346,0.1407,0.0031221,0.0510078
354,Prok_Taxa00477,0.6,0.8,0.2,0.5,0.9889,0.85,0.0372,0.1329,0.0035911,0.0454913
355,Prok_Taxa00478,0.8,2.0,0.2,0.8,0.9734,0.8422,0.0571,0.1353,0.0084882,0.0471996
356,Prok_Taxa00479,0.8,0.5,0.8,0.5,0.9391,0.0929,0.1473,0.2499,0.0564258,0.160885
357,Prok_Taxa00480,0.0,2.0,0.4,2.0,0.9752,0.8649,0.0552,0.1296,0.0079292,0.0432584
358,Prok_Taxa00481,0.9,0.5,0.0,1.0,0.9913,0.8001,0.0329,0.1661,0.0028145,0.0710713
359,Prok_Taxa00485,0.9,0.8,0.6,1.0,0.9817,0.8884,0.0475,0.1164,0.0058744,0.0349263
360,Prok_Taxa00488,0.8,0.5,0.8,0.5,0.9391,0.0929,0.1473,0.2499,0.0564258,0.160885
361,Prok_Taxa00491,0.6,2.0,0.0,2.0,0.9441,0.0996,0.0822,0.2499,0.0175842,0.160897
362,Prok_Taxa00493,0.2,0.5,0.6,0.5,0.9881,0.8306,0.0384,0.141,0.003827,0.0512094
363,Prok_Taxa00494,0.0,0.5,0.8,1.5,0.9903,0.8821,0.0347,0.1212,0.0031378,0.0378692
364,Prok_Taxa00495,0.0,0.8,0.6,0.8,0.9583,0.1057,0.0713,0.2494,0.0132194,0.1602491
365,Prok_Taxa00496,0.6,0.5,0.8,0.8,0.9872,0.8819,0.0399,0.1325,0.0041331,0.0452595
366,Prok_Taxa00498,0.6,1.5,0.6,0.5,0.9638,0.5215,0.0665,0.2417,0.0115112,0.1505081
367,Prok_Taxa00499,0.4,0.8,0.8,0.5,0.9863,0.8204,0.0413,0.144,0.0044375,0.053439
368,Prok_Taxa00500,0.8,0.5,0.8,0.8,0.9323,0.1139,0.0902,0.2496,0.02116,0.1605597
369,Prok_Taxa00501,0.4,1.0,0.4,0.8,0.9462,0.1831,0.0807,0.2481,0.0169273,0.1586293
370,Prok_Taxa00505,0.4,0.5,0.6,1.5,0.9895,0.8818,0.036,0.1258,0.0033745,0.0407939
371,Prok_Taxa00506,0.4,1.5,0.0,0.5,0.9622,0.791,0.068,0.1654,0.0120147,0.0704906
372,Prok_Taxa00507,0.0,0.5,0.8,0.5,0.9391,0.0929,0.1473,0.2499,0.0564258,0.160885
373,Prok_Taxa00508,0.8,0.8,0.6,0.8,0.9893,0.8482,0.0363,0.135,0.0034357,0.0469385
374,Prok_Taxa00509,0.0,0.8,0.2,0.5,0.9854,0.8772,0.0425,0.121,0.0047046,0.0377323
375,Prok_Taxa00510,0.6,2.0,0.0,0.8,0.972,0.1532,0.0586,0.2479,0.0089433,0.1583598
376,Prok_Taxa00511,0.4,2.0,0.8,0.8,0.9251,0.0838,0.127,0.2499,0.0419641,0.1608792
377,Prok_Taxa00514,0.0,1.5,0.6,1.0,0.8755,0.0856,0.1205,0.2499,0.037771,0.160924
378,Prok_Taxa00516,0.6,2.0,0.6,2.0,0.9676,0.5919,0.0629,0.2112,0.0103046,0.1149733
379,Prok_Taxa00517,0.6,0.8,0.9,1.5,0.9802,0.8793,0.0493,0.1206,0.0063313,0.0375082
380,Prok_Taxa00518,0.0,0.8,0.6,1.5,0.8668,0.2691,0.1244,0.2467,0.0402368,0.1567761
381,Prok_Taxa00519,0.4,0.8,0.8,0.5,0.9853,0.7608,0.0426,0.1688,0.0047225,0.0734008
382,Prok_Taxa00522,0.8,1.0,0.6,0.5,0.9861,0.8047,0.0415,0.1512,0.004486,0.0589002
383,Prok_Taxa00524,0.9,2.0,0.8,0.8,0.9884,0.872,0.038,0.1259,0.0037515,0.0408541
384,Prok_Taxa00526,0.4,0.8,0.6,0.5,0.9699,0.0249,0.0608,0.2518,0.0096141,0.1633763
385,Prok_Taxa00527,0.4,0.5,0.9,2.0,0.9873,0.7806,0.0396,0.1768,0.0040855,0.0805394
386,Prok_Taxa00528,0.6,1.5,0.0,0.5,0.9786,0.8094,0.0514,0.1495,0.0068632,0.0575828
387,Prok_Taxa00530,0.0,0.5,0.4,0.8,0.9826,0.8355,0.0463,0.1397,0.0055815,0.0502981
388,Prok_Taxa00531,0.8,2.0,0.9,1.0,0.9833,0.8801,0.0454,0.1198,0.0053583,0.0369951
389,Prok_Taxa00533,0.0,2.0,0.6,0.5,0.9793,0.82,0.0507,0.1435,0.0066959,0.0531002
390,Prok_Taxa00534,0.9,0.5,0.4,0.5,0.9899,0.8923,0.0353,0.1144,0.0032505,0.0337
391,Prok_Taxa00535,0.6,0.5,0.0,0.5,0.84,0.0735,0.1353,0.2501,0.0476213,0.1612118
392,Prok_Taxa00536,0.0,2.0,0.6,0.8,0.9377,0.6022,0.0867,0.2086,0.0195392,0.1121212
393,Prok_Taxa00538,0.4,1.5,0.4,0.5,0.981,0.8567,0.0484,0.1314,0.0061004,0.0445181
394,Prok_Taxa00541,0.6,0.8,0.6,1.5,0.9821,0.7504,0.047,0.1666,0.0057525,0.0715128
395,Prok_Taxa00543,0.4,1.5,0.6,1.5,0.9905,0.8726,0.0343,0.1285,0.0030591,0.0425598
396,Prok_Taxa00544,0.9,0.8,0.9,0.5,0.9656,0.8647,0.0648,0.1294,0.0109281,0.0431455
397,Prok_Taxa00545,0.2,1.5,0.8,0.5,0.9695,0.1951,0.0612,0.2483,0.0097449,0.1588771
398,Prok_Taxa00547,0.4,2.0,0.8,1.0,0.97,0.2825,0.0607,0.2456,0.009571,0.15546
399,Prok_Taxa00548,0.8,2.0,0.9,1.0,0.9818,0.8464,0.0474,0.143,0.0058567,0.0526808
400,Prok_Taxa00551,0.0,1.0,0.6,0.5,0.9748,0.8402,0.0556,0.1366,0.0080408,0.0481018
401,Prok_Taxa00553,0.2,2.0,0.6,0.8,0.9899,0.8353,0.0355,0.1402,0.003276,0.0506861
402,Prok_Taxa00554,0.0,0.5,0.8,0.5,0.9391,0.0929,0.1473,0.2499,0.0564258,0.160885
403,Prok_Taxa00555,0.9,0.5,0.8,0.8,0.9824,0.8012,0.0467,0.1509,0.0056617,0.0586949
404,Prok_Taxa00556,0.8,0.5,0.8,0.5,0.9391,0.0929,0.1473,0.2499,0.0564258,0.160885
405,Prok_Taxa00562,0.0,2.0,0.0,0.5,0.9679,0.2633,0.0631,0.2418,0.0103732,0.1507136
406,Prok_Taxa00564,0.4,1.0,0.8,0.5,0.9884,0.8392,0.0379,0.1392,0.0037285,0.0499614
407,Prok_Taxa00566,0.4,1.5,0.4,0.5,0.9714,0.7349,0.0592,0.1933,0.0091285,0.0962809
408,Prok_Taxa00567,0.0,2.0,0.4,1.0,0.9674,0.5684,0.0631,0.2313,0.0103637,0.1378967
409,Prok_Taxa00568,0.0,0.8,0.4,0.5,0.9721,0.7702,0.0585,0.1786,0.008898,0.0821569
410,Prok_Taxa00569,0.4,0.8,0.9,0.8,0.9843,0.8187,0.044,0.1463,0.0050352,0.0551808
411,Prok_Taxa00570,0.8,1.5,0.0,0.8,0.9345,0.5808,0.0888,0.2383,0.0205127,0.146373
412,Prok_Taxa00571,0.9,0.8,0.0,0.8,0.9699,0.3058,0.0608,0.2491,0.0096023,0.1599131
413,Prok_Taxa00573,0.8,1.0,0.4,1.0,0.9866,0.8156,0.0407,0.1465,0.004313,0.0553144
414,Prok_Taxa00574,0.2,1.5,0.4,0.5,0.992,0.8881,0.0314,0.1183,0.0025686,0.0360856
415,Prok_Taxa00576,0.2,0.8,0.8,0.8,0.9841,0.8916,0.0443,0.1165,0.0051076,0.0349854
416,Prok_Taxa00577,0.8,2.0,0.8,0.8,0.9674,0.8192,0.0632,0.1468,0.0103755,0.0555677
417,Prok_Taxa00578,0.4,0.5,0.9,1.5,0.9829,0.8489,0.0459,0.135,0.0054858,0.0469573
418,Prok_Taxa00579,0.8,1.5,0.8,1.5,0.9829,0.7776,0.046,0.1806,0.0055135,0.0840452
419,Prok_Taxa00580,0.8,2.0,0.4,1.5,0.9424,0.1307,0.0834,0.2496,0.0180909,0.1605268
420,Prok_Taxa00583,0.8,1.5,0.6,0.5,0.9896,0.8413,0.0358,0.1468,0.0033432,0.0555363
421,Prok_Taxa00584,0.0,1.5,0.0,1.5,0.9293,0.5084,0.0921,0.2237,0.0220841,0.1289416
422,Prok_Taxa00585,0.6,1.5,0.4,0.5,0.9895,0.8837,0.036,0.118,0.0033765,0.0358662
423,Prok_Taxa00587,0.6,0.5,0.6,1.5,0.9389,0.0638,0.0858,0.2505,0.0191544,0.1616498
424,Prok_Taxa00588,0.0,1.5,0.0,1.0,0.9795,0.6435,0.0502,0.2076,0.0065674,0.1110263
425,Prok_Taxa00591,0.6,2.0,0.6,0.5,0.9159,0.0619,0.1001,0.2519,0.0260816,0.1634905
426,Prok_Taxa00593,0.6,0.5,0.4,0.5,0.9515,0.4345,0.0767,0.2296,0.0153176,0.1358509
427,Prok_Taxa00594,0.6,0.5,0.6,1.5,0.9493,0.0295,0.0784,0.2554,0.0159797,0.1681399
428,Prok_Taxa00598,0.9,2.0,0.0,1.0,0.9733,0.7427,0.0573,0.1965,0.0085296,0.0994542
429,Prok_Taxa00600,0.6,1.5,0.6,0.8,0.956,0.1558,0.0732,0.248,0.0139265,0.1584327
430,Prok_Taxa00601,0.9,0.8,0.8,0.8,0.9868,0.6037,0.0405,0.2097,0.0042694,0.113348
431,Prok_Taxa00602,0.8,0.5,0.0,2.0,0.98,0.6622,0.0496,0.1979,0.0064013,0.1009713
432,Prok_Taxa00604,0.4,0.5,0.8,0.8,0.9755,0.8554,0.0549,0.1348,0.0078334,0.0468216
433,Prok_Taxa00607,0.6,1.0,0.0,0.8,0.9284,0.6297,0.0926,0.2457,0.0223304,0.1555285
434,Prok_Taxa00608,0.0,2.0,0.4,0.5,0.9056,0.1203,0.1058,0.2489,0.0291153,0.1596959
435,Prok_Taxa00611,0.0,0.5,0.0,0.5,0.4612,0.0543,0.2213,0.2502,0.1273669,0.1613266
436,Prok_Taxa00612,0.0,2.0,0.8,0.8,0.9824,0.8653,0.0466,0.1281,0.0056517,0.0422745
437,Prok_Taxa00613,0.4,1.5,0.6,0.5,0.9829,0.7997,0.046,0.1505,0.0055072,0.0583506
438,Prok_Taxa00614,0.0,1.5,0.8,0.8,0.9866,0.8408,0.0407,0.1396,0.0043047,0.0502165
439,Prok_Taxa00618,0.8,0.8,0.9,2.0,0.9811,0.7654,0.0483,0.1862,0.0060632,0.089384
440,Prok_Taxa00620,0.2,2.0,0.0,1.0,0.9876,0.7031,0.0391,0.1866,0.0039767,0.0896997
441,Prok_Taxa00621,0.9,1.0,0.9,0.5,0.9889,0.6003,0.0374,0.2048,0.0036308,0.1080658
442,Prok_Taxa00623,0.0,0.5,0.6,0.8,0.967,0.8204,0.0635,0.1485,0.0105057,0.0568402
443,Prok_Taxa00627,0.4,2.0,0.4,0.8,0.9908,0.8376,0.0338,0.1419,0.0029794,0.0519001
444,Prok_Taxa00628,0.6,1.0,0.8,0.8,0.9798,0.8946,0.0499,0.1144,0.0064747,0.0337372
445,Prok_Taxa00630,0.8,1.0,0.6,0.8,0.9726,0.602,0.058,0.2166,0.0087586,0.1209226
446,Prok_Taxa00631,0.0,0.8,0.6,0.8,0.8988,0.0864,0.1093,0.2499,0.0310804,0.1609311
447,Prok_Taxa00632,0.0,0.5,0.8,0.5,0.9391,0.0929,0.1473,0.2499,0.0564258,0.160885
448,Prok_Taxa00633,0.0,0.5,0.9,2.0,0.9838,0.8512,0.0448,0.1339,0.0052099,0.0461899
449,Prok_Taxa00634,0.6,0.5,0.0,0.5,0.954,0.6221,0.0748,0.2051,0.0145365,0.1084306
450,Prok_Taxa00635,0.2,0.5,0.9,0.5,0.9888,0.8763,0.0375,0.1266,0.0036556,0.0413316
451,Prok_Taxa00636,0.6,2.0,0.0,0.5,0.839,0.0313,0.1357,0.2554,0.0478981,0.1681075
452,Prok_Taxa00639,0.9,1.0,0.6,1.5,0.9844,0.872,0.0439,0.1378,0.0050078,0.0488993
453,Prok_Taxa00643,0.4,2.0,0.8,0.5,0.9465,0.5206,0.0805,0.2329,0.0168746,0.1397892
454,Prok_Taxa00644,0.2,1.0,0.4,0.5,0.993,0.8785,0.0294,0.1204,0.0022446,0.0373815
455,Prok_Taxa00645,0.9,2.0,0.4,0.8,0.9872,0.7748,0.0398,0.1686,0.0041136,0.0732898
456,Prok_Taxa00649,0.4,2.0,0.0,0.5,0.9895,0.8836,0.0361,0.1187,0.0033873,0.0363061
457,Prok_Taxa00650,0.4,2.0,0.9,0.8,0.9873,0.8582,0.0397,0.1297,0.0040945,0.0433202
458,Prok_Taxa00654,0.4,1.0,0.8,0.5,0.9359,0.7155,0.0879,0.1766,0.0200803,0.080331
459,Prok_Taxa00658,0.0,2.0,0.4,0.5,0.9853,0.8636,0.0427,0.1276,0.0047353,0.0419504
460,Prok_Taxa00667,0.0,0.8,0.0,0.8,0.993,0.701,0.0295,0.1819,0.0022677,0.0852249
461,Prok_Taxa00669,0.0,2.0,0.4,0.5,0.9857,0.8267,0.042,0.1439,0.0045958,0.0533268
462,Prok_Taxa00672,0.2,0.5,0.8,0.8,0.9803,0.8115,0.0493,0.147,0.0063119,0.0556993
463,Prok_Taxa00673,0.6,0.5,0.2,0.5,0.989,0.8765,0.0369,0.1323,0.0035518,0.0450821
464,Prok_Taxa00676,0.4,1.5,0.4,0.5,0.9171,0.1984,0.0994,0.2471,0.0257284,0.1573739
465,Prok_Taxa00678,0.8,1.5,0.0,0.5,0.9745,0.5635,0.056,0.2224,0.0081506,0.1274193
466,Prok_Taxa00679,0.4,2.0,0.0,0.8,0.9676,0.2665,0.063,0.2435,0.0103232,0.1527665
467,Prok_Taxa00681,0.0,2.0,0.6,1.0,0.9732,0.7728,0.0573,0.1602,0.0085401,0.0661581
468,Prok_Taxa00690,0.0,2.0,0.4,1.5,0.9776,0.746,0.0525,0.1674,0.0071746,0.0721786
469,Prok_Taxa00691,0.0,0.8,0.4,1.0,0.9725,0.8486,0.0581,0.156,0.0087815,0.0627392
470,Prok_Taxa00692,0.4,1.0,0.4,0.8,0.9488,0.095,0.0788,0.2496,0.0161496,0.1605522
471,Prok_Taxa00698,0.6,0.5,0.6,0.8,0.9824,0.8699,0.0466,0.1323,0.0056378,0.0450784
472,Prok_Taxa00700,0.0,2.0,0.4,0.5,0.7827,0.1312,0.1552,0.2485,0.0626936,0.1591723
473,Prok_Taxa00702,0.8,1.0,0.6,0.8,0.991,0.8909,0.0334,0.1219,0.0029067,0.0382895
474,Prok_Taxa00706,0.8,0.8,0.6,0.5,0.9838,0.8384,0.0448,0.1377,0.0052126,0.048847
475,Prok_Taxa00711,0.0,0.5,0.8,0.5,0.9391,0.0929,0.1473,0.2499,0.0564258,0.160885
476,Prok_Taxa00714,0.8,0.8,0.6,0.8,0.9854,0.8068,0.0425,0.1525,0.0047015,0.0599131
477,Prok_Taxa00716,0.0,0.5,0.8,0.5,0.9391,0.0929,0.1473,0.2499,0.0564258,0.160885
478,Prok_Taxa00718,0.8,0.8,0.0,0.5,0.9904,0.8858,0.0344,0.1212,0.0030821,0.0378583
479,Prok_Taxa00721,0.0,1.0,0.0,1.0,0.9884,0.8758,0.0379,0.1216,0.0037305,0.0380979
480,Prok_Taxa00723,0.0,0.8,0.8,2.0,0.9701,0.2088,0.0605,0.2463,0.0095219,0.1563277
481,Prok_Taxa00730,0.0,1.0,0.6,2.0,0.9536,0.6529,0.0751,0.2005,0.0146739,0.1036126
482,Prok_Taxa00731,0.0,1.5,0.9,1.0,0.9853,0.8036,0.0426,0.1527,0.0047202,0.0600903
483,Prok_Taxa00735,0.8,1.0,0.2,1.0,0.9834,0.8452,0.0453,0.1352,0.005339,0.0471005
484,Prok_Taxa00737,0.8,0.5,0.8,0.5,0.9391,0.0929,0.1473,0.2499,0.0564258,0.160885
485,Prok_Taxa00742,0.2,1.5,0.9,0.8,0.9779,0.7392,0.0522,0.1693,0.0070849,0.0738594
486,Prok_Taxa00743,0.4,1.5,0.0,1.5,0.9814,0.59,0.0479,0.2123,0.0059597,0.1161084
487,Prok_Taxa00748,0.8,1.0,0.8,1.5,0.9831,0.8554,0.0456,0.1324,0.0054177,0.0452035
488,Prok_Taxa00750,0.0,1.5,0.0,0.5,0.9866,0.8923,0.0407,0.1137,0.0043075,0.0333364
489,Prok_Taxa00760,0.6,1.5,0.8,2.0,0.9809,0.8242,0.0485,0.1426,0.0061237,0.0524003
490,Prok_Taxa00766,0.8,1.0,0.8,1.5,0.9821,0.8807,0.047,0.119,0.0057356,0.0364676
491,Prok_Taxa00767,0.4,0.8,0.4,0.5,0.9481,0.6343,0.0793,0.203,0.0163487,0.1062418
492,Prok_Taxa00768,0.6,2.0,0.6,0.8,0.8845,0.0304,0.1163,0.2512,0.0352082,0.1626442
493,Prok_Taxa00770,0.9,1.0,0.4,0.5,0.9912,0.8911,0.0331,0.1165,0.0028539,0.0349956
494,Prok_Taxa00814,0.2,0.5,0.9,0.8,0.9888,0.8469,0.0372,0.135,0.0035947,0.0469542
495,Prok_Taxa00820,0.6,2.0,0.0,2.0,0.9265,0.0638,0.0939,0.2505,0.0229218,0.1617602
496,Prok_Taxa00862,0.0,1.5,0.8,0.8,0.9868,0.7574,0.0404,0.1659,0.0042453,0.0708847
497,Prok_Taxa00901,0.4,1.0,0.2,1.0,0.966,0.1564,0.0645,0.2482,0.0108086,0.1587901
498,Prok_Taxa00912,0.4,0.8,0.8,0.8,0.9846,0.8161,0.0436,0.1533,0.004947,0.0605914
499,Prok_Taxa01109,0.4,1.5,0.6,0.8,0.9862,0.5909,0.0413,0.2076,0.0044358,0.1110411
