"time","x","y","z"
0.99,-9.47507844388893,-8.56965059123897,29.3473534227934
1.09,-8.21167033756225,-6.86145338742889,28.382709944928
1.19,-7.21814775962956,-6.71271755483332,26.1860481711604
1.29,-7.29325684103342,-7.92978043985561,24.622660448429
1.39,-8.34911249589496,-9.69503294362404,24.9251030911686
1.49,-9.58990693903751,-10.4768033577916,27.2402980347072
1.59,-9.72011918499299,-9.03382452517325,29.3612600370188
1.69,-8.4945109501453,-7.00668632771559,28.8534996860406
1.79,-7.27120341468127,-6.49224403605422,26.6113228724855
1.89,-7.09717198907923,-7.53058593528806,24.6880100407007
1.99,-8.03686178939097,-9.37808982905744,24.5079828262835
2.09,-9.42693395354618,-10.6170855687121,26.6112919916039
2.19,-9.91647585434382,-9.55299629268236,29.2264918503404
2.29,-8.82466484188323,-7.26273946377069,29.3117183073406
2.39,-7.39054997670472,-6.32142388988946,27.1208784741555
2.49,-6.93453547303302,-7.12081655747992,24.8641490997311
2.59,-7.70364497168102,-8.97477065435925,24.1671595769503
2.69,-9.17966848661076,-10.6298196469365,25.908014750248
2.79,-10.0470913280883,-10.0924136579255,28.9039094922478
2.89,-9.19517075769137,-7.64862213604536,29.7190413427155
2.99,-7.58841080041189,-6.2211541216938,27.7106332680845
3.09,-6.81974162343214,-6.71408354810749,25.162001536903
3.19,-7.36310073514625,-8.49654039753811,23.9313439981768
3.29,-8.84995941925585,-10.491335146341,25.1703531108282
3.39,-10.0832726254127,-10.6028868139033,28.3676536904815
3.49,-9.58730783823626,-8.17960035169587,30.0227750047747
3.59,-7.87582669146743,-6.21949812667796,28.3705392741719
3.69,-6.76954917106275,-6.32643379003979,25.5915849199871
3.79,-7.03135280992496,-7.9590728748401,23.8278561361088
3.89,-8.44618603529865,-10.1885930239185,24.4488899668225
3.99,-9.99745640145697,-11.0194844141707,27.6102428488968
4.09,-9.97009626744606,-8.85819514951139,30.1525763342621
4.19,-8.26116006355015,-6.35359487595859,29.0797167063715
4.29,-6.80398686813929,-5.97790130226766,26.1617265204421
4.39,-6.7272961718448,-7.38121466454798,23.8821903309899
4.49,-7.98345871808776,-9.72203807182032,23.8011743989036
4.59,-9.76792661454061,-11.267865587685,26.652811377926
4.69,-10.2978564867984,-9.66141446995286,30.0223021697934
4.79,-8.74590818990092,-6.67094137846123,29.7985704710685
4.89,-6.94705916921624,-5.69560239107972,26.8790903965133
4.99,-6.47335333699521,-6.78421366924186,24.118214918978
5.09,-7.48327478664693,-9.10634644965838,23.2871154247427
5.19,-9.38415609688991,-11.2765960235045,25.5525754083298
5.29,-10.5103675708519,-10.5247866864631,29.5408896091759
5.39,-9.31741581822699,-7.22696186469872,30.4563347302975
5.49,-7.22686619518606,-5.51911015983666,27.7453886648196
5.59,-6.2969994274774,-6.19179401624158,24.5589185930926
5.69,-6.97295695544146,-8.36880853624556,22.9647186044796
5.79,-8.85145811976328,-10.9934964163364,24.4034448704026
5.89,-10.538315590186,-11.3294120741332,28.63746812266
5.99,-9.93762255450627,-8.0728790078142,30.9341522537658
6.09,-7.67380139098751,-5.50903597532032,28.7504517788919
6.19,-6.23333811830238,-5.6320761654493,25.227426437151
6.29,-6.48547570295558,-7.54583715679546,22.8874188650409
6.39,-8.19346600701351,-10.4009807544472,23.3273548169352
6.49,-10.3163427785825,-11.9046010449625,27.3011104467322
6.59,-10.5287706275821,-9.22399398105701,31.0496258022575
6.69,-8.31385031949472,-5.75881264768671,29.8561861336487
6.79,-6.32887133614319,-5.14323996812763,26.1475306516596
6.89,-6.0605722662298,-6.67881917011483,23.1039226840266
6.99,-7.45160206599047,-9.52400837779595,22.4579380079384
7.09,-9.80306725382178,-12.0602909259182,25.6230693984164
7.19,-10.9621384741225,-10.5995528880428,30.5630291443411
7.29,-9.15112795992592,-6.40470832670652,30.9618932653218
7.39,-6.64584448847782,-4.78674026827436,27.3415411274669
7.49,-5.74852621275573,-5.81127964617585,23.6609382158571
7.59,-6.68217128302926,-8.42644998319037,21.9226150188805
7.69,-9.00195725158827,-11.6505598135772,23.8148517504498
7.79,-11.0648630160476,-11.946983883451,29.2447896923923
7.89,-10.130606167189,-7.61249820731434,31.8381837471967
7.99,-7.26371971901541,-4.67526599684604,28.8185994233447
8.09,-5.61855513625272,-4.99080538855995,24.6085842153726
8.19,-5.95364282870171,-7.1967465816169,21.8310730308677
8.29,-7.97260356566449,-10.6420383127593,22.1771292742884
8.39,-10.6655442202894,-12.8193884754541,27.0361621751187
8.49,-11.0757791582192,-9.48121073226095,32.0357896463411
8.59,-8.26545505764863,-5.02503329201641,30.5318912905122
8.69,-5.77442577111274,-4.28366781295241,26.0071061717925
8.79,-5.34883028571762,-5.92896648211764,22.2762093591803
8.89,-6.82485935015239,-9.14228417314056,21.0252980439626
8.99,-9.68160697963194,-12.718944759564,24.2409234249815
9.09,-11.6294865826469,-11.7752910141995,30.8779658638734
9.19,-9.67322993655589,-6.22214135212219,32.2434367145934
9.29,-6.37768104461211,-3.82383267787481,27.9277954036939
9.39,-4.97990516136287,-4.70934958869579,23.3499111961951
9.49,-5.70032270949917,-7.36213316784947,20.6169774596323
9.59,-8.20103023337527,-11.4083406677007,21.5459217170352
9.69,-11.3104579458762,-13.5724092533768,27.8427345532412
9.79,-11.2620287331633,-8.75446943998011,33.1824166038845
9.89,-7.65922689678697,-3.95339923448205,30.4080463474905
9.99,-5.03089039718706,-3.62796483093151,25.1738338173203
10.09,-4.76090789820321,-5.53298672173299,21.1335721689209
10.19,-6.48137199389307,-9.13131512408175,19.7423006234352
10.29,-9.82388592574739,-13.485357858971,23.4473700826677
10.39,-12.2408834175582,-12.4497466126504,31.6457014693816
10.49,-9.80108875904646,-5.54002606701965,33.1495067133969
10.59,-5.85080314814952,-2.88514145992426,27.9398780561656
10.69,-4.22115999965081,-3.83177871529801,22.737701692618
10.79,-4.85782316789584,-6.47112181835853,19.3811205176271
10.89,-7.44356086703648,-10.9730152649425,19.5359302750139
10.99,-11.3301740855061,-14.8115894665658,26.1801457927711
11.09,-12.2646761621876,-10.0041674137311,34.2071294912796
11.19,-8.0621151557206,-3.28915068843287,31.8433117961884
11.29,-4.5048723021015,-2.39532344898532,25.7102028980973
11.39,-3.67667243698847,-3.96868915933729,20.7368928630653
11.49,-4.92698851628161,-7.1478204419485,17.9126086984191
11.59,-8.1935157984663,-12.4468229381442,19.3901583472079
11.69,-12.428905533449,-15.4868296633807,28.5042732109807
11.79,-11.9309009759128,-7.79064682477121,35.5045012016404
11.89,-6.70680984638371,-1.86873660959249,30.6772282192777
11.99,-3.49322665172995,-1.85987206427191,24.1696267898377
12.09,-3.03111908934702,-3.56692229456734,19.2245534483157
12.19,-4.45976116563591,-6.84252028233583,16.3802517954373
12.29,-8.00260554102422,-12.7242987454884,17.9083217141151
12.39,-12.9152302343923,-16.6671361895758,28.3692475579123
12.49,-12.4225386191028,-7.50130249895211,36.77221968609
12.59,-6.30338981226558,-0.773764692004329,31.0104335212609
12.69,-2.67027309290338,-0.78239514695587,23.945957013193
12.79,-1.9227715628981,-2.0727038457591,18.5959261627919
12.89,-2.76631840330633,-4.3345149492835,14.8731396644943
12.99,-5.33908647821807,-9.13637610471299,13.7378861219058
13.09,-10.5918970555039,-16.9594779264932,19.912173234579
13.19,-14.9343428563926,-14.7374766570748,35.9310346918418
13.29,-9.46163097908643,-1.26681509872065,36.0709487150819
13.39,-2.95041393089577,1.26957266398299,27.3813447952319
13.49,-0.492236060642471,0.705233830269559,20.8404721989798
13.59,0.191180464882101,0.588990278080975,15.9580075008958
13.69,0.581133183496693,1.05444710419145,12.2505494539954
13.79,1.32218557044043,2.45078924946602,9.52453830615613
13.89,3.21767726233242,6.17084957134034,8.12400500827532
13.99,8.02251368640228,15.0528241963882,11.3953763061497
14.09,16.0037227618459,21.9929386194485,30.8816682866635
14.19,13.0149863045948,2.10504076040249,41.8247070532671
14.29,2.67495433770664,-4.76044106225799,30.6179516817231
14.39,-1.92661544443398,-4.56940408046886,23.4925444506906
14.49,-4.06016873401067,-6.17551337119726,19.4247440454809
14.59,-6.79273944062214,-10.3088279088857,18.7925223125057
14.69,-10.870167066239,-14.9239549205476,24.625518884591
14.79,-12.7110419113016,-11.3321407442156,33.950187163937
14.89,-8.72762032506651,-3.56424198305917,32.8558533723038
14.99,-4.63271564853423,-2.00391812328869,26.5114680019068
15.09,-3.38496144521433,-3.32808957412371,21.1466605173493
15.19,-4.28170498497061,-6.11872395391437,17.7202996736786
15.29,-7.17414355768774,-11.1689212723745,17.8924157232477
15.39,-11.7531135121209,-16.0419540407712,25.6852034506431
15.49,-12.9437553485367,-10.1086754199205,35.6241673992071
15.59,-7.77437243761761,-2.07856348235292,32.4226482618983
15.69,-3.64543347240102,-1.23620710593476,25.4553006104158
15.79,-2.56982971576504,-2.58374050050508,19.9582618828103
15.89,-3.42116881744121,-5.11476006052319,16.2534397001844
15.99,-6.17004942505973,-10.1291530642702,15.6098804884112
16.09,-11.2456261026651,-16.817711156334,22.7103624884391
16.19,-14.1010079863662,-12.4132407458211,36.1404704404604
16.29,-8.58380700087488,-1.53622436980951,34.326371775774
16.39,-3.21926920238589,0.122150769098283,26.4355969623542
16.49,-1.41123788968255,-0.759493443345077,20.2912267954443
16.59,-1.41284401115644,-1.95857248501311,15.6968237835858
16.69,-2.52040789308293,-4.30393863526342,12.5433456235011
16.79,-5.40753063859893,-9.6937230252198,11.9891344867523
16.89,-11.3943709307619,-18.6066455886049,19.9924030623375
16.99,-15.6307056471515,-13.8634911272562,38.4169538223006
17.09,-8.39795697337467,0.801863640392291,35.8145605739987
17.19,-1.64273565520829,2.46324936111197,26.6417592888169
17.29,0.831681780624712,2.27382729795832,20.375090307171
17.39,2.10649691053971,3.51027115530692,15.9818407777868
17.49,4.14248402016977,7.06579175086277,13.6596088277813
17.59,8.44249649238388,14.2102990845692,16.3600985434612
17.69,14.263659954546,18.1076317696137,30.4788840168605
17.79,12.2402333447281,4.94258027213834,38.4221505601095
17.89,4.71123968479747,-1.21142339171574,30.2376542874499
17.99,1.01525735132429,-0.905003474522735,22.900499184605
18.09,-0.0500652728852204,-0.588954316344383,17.5167389676374
18.19,-0.464315233135551,-0.871795126148169,13.4340754733691
18.29,-1.05233385380426,-1.92071176788871,10.3797166917917
18.39,-2.49611288250444,-4.74051815833414,8.45044015415361
18.49,-6.22172690741249,-11.8601706857703,9.57312022965834
18.59,-13.8619803387322,-22.1772689393788,23.3754639982449
18.69,-15.6666253226645,-8.34316775982174,42.8471467756327
18.79,-5.1476714801425,4.33996562470736,33.5637538172772
18.89,0.993263955327635,4.45583650058014,25.1301868649673
18.99,3.39536556567589,5.35992113001524,20.247130014959
19.09,5.7519401448383,8.75964744933296,18.3208017633939
19.19,9.56563669662169,13.9437715886207,21.8538096612348
19.29,12.8512581276268,13.757802343579,31.7532576789273
19.39,10.3312098364292,5.29369745194837,34.4295357381032
19.49,5.53938484337808,1.88254845104689,28.4745875898974
19.59,3.41766544912305,2.66600195747721,22.5807990557795
19.69,3.69314318552283,4.91127886572089,18.4101351960865
19.79,5.89368831041081,9.16205742221116,17.0068529049175
19.89,10.1835110953817,15.1139133290767,21.8523867820132
19.99,13.5056912548101,13.6287904592965,33.5205740370342
20.09,9.78996003882868,3.72292800639109,34.7193536349201
20.19,4.57307627937035,0.938547991877707,27.7069255309131
20.29,2.55066292113626,1.86557449563104,21.5854937344641
20.39,2.77269803943177,3.81121896589476,17.1541258379451
20.49,4.70056638837734,7.65784797349802,14.9703856687732
20.59,8.96505482642653,14.4807351568149,18.1784287193233
20.69,14.0228404461754,16.683941569557,31.5021869490605
20.79,11.4753741831698,4.66528083274179,37.1613695420488
20.89,4.7850537417148,-0.350648761001135,29.5018241142159
20.99,1.64219827523474,0.119292690069058,22.5293739278322
21.09,1.00711416690971,1.01955301973172,17.3127854986186
21.19,1.45678913613505,2.35008502414406,13.4331879133931
21.29,2.99266025175264,5.36664661664203,11.0177426004896
21.39,6.78416567529738,12.3161667072435,12.1747435028917
21.49,13.7412293626816,20.6477023979707,25.3490684329021
21.59,14.6292074718721,7.90291496334944,41.006956840577
21.69,5.47848647948469,-2.75458697197687,32.7844975344063
21.79,0.108966470633397,-2.89937230705536,24.5188251074574
21.89,-1.86260758683618,-3.32924159849471,19.0588269334791
21.99,-3.57417411449669,-5.81314211493602,15.6724634336686
22.09,-6.84497714202714,-11.3407933758497,15.8978707380143
22.19,-12.2196347721502,-17.4996578455511,25.0038522364882
22.29,-13.724968130171,-10.1287218718092,37.3295575735667
22.39,-7.35250216556306,-0.589086833819561,32.9839966591508
22.49,-2.59268639795204,0.149394836750308,25.2259028696002
22.59,-1.18174682493031,-0.746891114728457,19.3571100757911
22.69,-1.29846841994078,-1.89054763277437,14.9594478581222
22.79,-2.42668195445222,-4.21905255988102,11.9393756494325
22.89,-5.33814929855619,-9.68274725005935,11.4590079201776
22.99,-11.466308960971,-18.91277015606,19.6943614969897
23.09,-15.8399536048639,-13.930642662894,38.8523394548908
23.19,-8.27949788409317,1.21869105462177,35.9259396809672
23.29,-1.36809843686695,2.80487534689325,26.6303596819454
23.39,1.17749435426522,2.7230765531396,20.4358601288799
23.49,2.62735017952376,4.2956001475443,16.2382831916759
23.59,5.04868124787945,8.47914599754315,14.5511196558872
23.69,9.80893255875367,15.7185469329031,19.1998275976866
23.79,14.4901976884577,15.7138914212781,33.8275478460483
23.89,10.4352187559834,2.90116816345176,36.5703784250461
23.99,3.88368050142853,-0.694290657294121,28.3274288295338
24.09,1.18432626463802,-0.0756258682287349,21.6016227954837
24.19,0.645492643922186,0.61116205741054,16.5633325111832
24.29,0.922095221607091,1.50437528020767,12.7550659231198
24.39,1.94206777153951,3.54073929724069,10.0751303561753
24.49,4.59934636038953,8.66641139275036,9.41789037531974
24.59,10.7239699803845,18.7803442258901,16.61698385068
24.69,16.6908805504335,16.5772494454567,38.5511531317538
24.79,9.12175717703196,-1.76022217860155,37.6501552258352
24.89,0.988853293423293,-4.01108696591866,27.5594373239788
24.99,-2.11526978340447,-4.07988006383403,21.411575424797
25.09,-4.03159012519839,-6.26662974192618,17.7900445439138
25.19,-7.10626459337236,-11.1610242406134,17.8751531308884
25.29,-11.7220442938189,-16.0512260967008,25.6061936494667
25.39,-12.9676872706276,-10.1817719515047,35.6167805097166
25.49,-7.8081374823096,-2.08970084220578,32.475543872381
25.59,-3.6518178017736,-1.21825085866666,25.4952645003226
25.69,-2.55728536884461,-2.55568725180545,19.9822573409029
25.79,-3.39187595542445,-5.06543832225801,16.2550074200493
25.89,-6.11565175427339,-10.0463759547204,15.5549924212247
25.99,-11.1801862490218,-16.7815689155991,22.5345458495286
26.09,-14.1336835115621,-12.578304111171,36.0632503571822
26.19,-8.66801365077901,-1.58538359142156,34.4344509207784
26.29,-3.24676954649305,0.148218414315686,26.5221088408126
26.39,-1.40039209845991,-0.721958265017152,20.351633368005
26.49,-1.37713101678484,-1.89507144109271,15.7345704196073
26.59,-2.44460310942245,-4.17059780930897,12.5413479766121
26.69,-5.24710444811234,-9.42097246322765,11.8474966170125
26.79,-11.1466630422022,-18.3808210132501,19.3948139114263
26.89,-15.713249541435,-14.4970496577157,38.0480901100408
26.99,-8.71246333518127,0.618344597101375,36.1948688212432
27.09,-1.7541740577049,2.52693832555798,26.9088823125725
27.19,0.82710003598045,2.32163739086336,20.5691712936626
27.29,2.12829872685387,3.54183173222156,16.1386899909825
27.39,4.16600433410689,7.08312289310282,13.7971545291904
27.49,8.44548863371329,14.1730071746339,16.4740163342933
27.59,14.2129494130458,18.016671588593,30.4443530636373
27.69,12.2245620902462,5.02004714075256,38.3340301918239
27.79,4.7666123556119,-1.11890183000778,30.2374122944252
27.89,1.09193672397476,-0.811061874148481,22.9130433816636
27.99,0.0558590303397841,-0.435771524180474,17.5251651921465
28.09,-0.27824240784034,-0.561661132567616,13.4288125909643
28.19,-0.66108531952297,-1.21319313444249,10.3211141837015
28.29,-1.5781943527657,-3.00976821804439,8.10505669637749
28.39,-4.0155837479548,-7.83082828085621,7.49225812004281
28.49,-10.0626880202738,-18.482557708197,13.9127107205318
28.59,-17.3350747061001,-18.9635864945447,37.9606645449141
28.69,-9.87432329299679,2.28954344733959,39.196578257826
28.79,-0.599590183357025,5.1540398181272,28.3619948352952
28.89,2.97850730845328,5.24915555741201,22.4134456196376
28.99,5.16434390221114,7.64352389206979,19.4680018719844
29.09,8.32883499356496,12.1523118510192,20.8372483006604
29.19,11.9231980589527,14.3433616594258,28.5948718132995
29.29,11.4225414003709,7.99545031984881,34.2563407797861
29.39,7.0554693354778,2.92176492607804,30.2830647546302
29.49,4.28012877802146,2.90179098666034,24.4477239829276
29.59,4.05743495305596,4.87223291368396,20.0542311158656
29.69,5.84021080502899,8.62124653191178,18.226989745994
29.79,9.55061244978537,13.9076016458986,21.7447460778529
29.89,12.8646193567639,13.8323892658948,31.6862885362276
29.99,10.3807540055226,5.33638073344336,34.4859549549801
30.09,5.55690792421958,1.86012624927564,28.5318956923697
30.19,3.40273884167103,2.6258918608288,22.6125554209941
30.29,3.65506456497756,4.84922510185726,18.4103225928654
30.39,5.82807104937153,9.0669328585175,16.9417798356512
30.49,10.1051960654222,15.0605857537274,21.659134009303
30.59,13.5253120327269,13.798996246411,33.3917680994299
30.69,9.8916609775911,3.80739626443756,34.8404659223735
30.79,4.61134691861159,0.902812035464691,27.8213711995398
30.89,2.53114703506985,1.80259334423327,21.658898418221
30.99,2.71254020941656,3.70701710695695,17.1820328428653
31.09,4.58311402580627,7.46763231927321,14.9008135332484
31.19,8.77677944440491,14.2559085404462,17.8376637605364
31.29,13.9602833707051,16.9521619916615,31.0123634895982
31.39,11.7150190908655,4.9992344748981,37.3642467842791
31.49,4.92817976589983,-0.383461435358655,29.7777701240487
31.59,1.64667804071009,0.0288501122569046,22.7215145779363
31.69,0.93979144743315,0.8894476238467,17.4470706471068
31.79,1.30975727543516,2.09341180550614,13.502435413441
31.89,2.67414389674766,4.79492653915159,10.9237577825588
31.99,6.10295712775538,11.184413272788,11.3832334449526
32.09,12.9057489080313,20.4231738053036,22.6808467202447
32.19,15.434681438871,10.3576629551966,40.8679315475133
32.29,6.46028988242476,-2.5720011447731,34.1029363078981
32.39,0.372812499660429,-3.10956459705366,25.3585476004692
32.49,-1.85155763804532,-3.40777859492977,19.6863024458874
32.59,-3.56963588744124,-5.74999611358618,16.1548350430934
32.69,-6.72371105440003,-11.044305826656,16.1385889417066
32.79,-11.9298280213655,-17.1519616562305,24.5758502941554
32.89,-13.7135802927231,-10.6616047672302,36.8430127467142
32.99,-7.69997015929712,-1.02112680734763,33.2141060733636
33.09,-2.89726267487237,-0.0755250667089906,25.529409088958
33.19,-1.45560333741458,-1.0510318438018,19.638946066585
33.29,-1.67670576215346,-2.457228408331,15.2673824539482
33.39,-3.11555347420559,-5.36858786824758,12.4894778835547
33.49,-6.67225570287879,-11.8051127367796,13.2039587743771
33.59,-13.1115652967488,-19.6300769061314,24.723384525142
33.69,-14.5424279587021,-9.15938086238399,39.8776085202978
33.79,-6.2843553360454,1.68456492221206,33.1347652842841
33.89,-0.948155217621068,2.06393593653872,24.8075782532801
33.99,0.883544605632022,2.02986684982624,19.0274197952872
34.09,2.0276085746295,3.41151543763322,14.9193842680517
34.19,4.11214555846382,7.1566416800931,12.8173841681159
34.29,8.63888868468056,14.7448615176753,15.9703937987551
34.39,14.7033925018786,18.4266707217145,31.3563239086945
34.49,12.0436094756152,3.9833300654161,38.7516474360858
34.59,4.16265312066799,-1.78550617576398,29.9254409195748
34.69,0.486851085121746,-1.45155256215098,22.6288631636677
34.79,-0.713598022220526,-1.52867355247023,17.3610634755603
34.89,-1.61860221987198,-2.7926699312196,13.5154415744917
34.99,-3.45219491458605,-6.19459268463941,11.3238924793356
35.09,-7.71770441403103,-13.7652678792383,13.5298636630967
35.19,-14.589251487999,-20.2067476582785,28.7717849163706
35.29,-13.3730356770732,-5.2262471144887,40.4113330080449
35.39,-4.45208276405526,2.70658989618198,31.2286324365339
35.49,0.0706398260954324,2.55872756095806,23.5051099305791
35.59,1.75474237334108,3.09336721216184,18.2564430227208
35.69,3.40318655912371,5.62356180939602,14.9524436513743
35.79,6.70460743846592,11.3045180201226,15.1725691642597
35.89,12.320107424897,17.9688500377787,24.6060820978163
35.99,14.0187229083351,10.2456436394822,37.8727898232907
36.09,7.25725222441392,0.110152226009081,33.2264908766323
36.19,2.25603762246035,-0.626654393813475,25.2358407210122
36.29,0.703334120932526,0.0842794150525995,19.294036032227
36.39,0.518894015550231,0.649683308432241,14.7953271322617
36.49,0.896512783459445,1.55247219990961,11.3974529933578
36.59,2.0167366641685,3.76823176419218,9.05744367945273
36.69,4.9472099985739,9.44814168352642,8.89785059179875
36.79,11.6327334372001,20.157634096183,17.9018893596492
36.89,16.8478237346162,14.5651541135839,40.6948883953934
36.99,7.85529219037614,-3.08124405458793,36.5685586474098
37.09,0.144999581880419,-4.40384184876801,26.8342011839364
37.19,-2.75086662113643,-4.73678258201846,21.1694748418863
37.29,-4.85524093180802,-7.41230947063947,18.2285031641159
37.39,-8.25840907692363,-12.5043934996884,19.7442234124755
37.49,-12.3804749935176,-15.2491979537948,28.7027530968277
37.59,-11.7779115843341,-7.68770294780263,35.2801272530238
37.69,-6.69909674691138,-2.02792812593842,30.507963103859
37.79,-3.6101781619868,-2.06436642197239,24.1274292299572
37.89,-3.22739847761973,-3.84835945913388,19.2974782398523
37.99,-4.76479255005068,-7.28091313359704,16.6737921583872
38.09,-8.42367875841587,-13.1811611213467,18.7340298865676
38.19,-13.0624586456942,-16.1469857437809,29.4695035318604
38.29,-11.9070359839729,-6.71037353766216,36.3741449647821
38.39,-5.99112904792407,-0.908730842882165,30.330727077231
38.49,-2.73942264994184,-1.13702361695649,23.5141908234577
38.59,-2.22778547070397,-2.60326428151639,18.3788161821515
38.69,-3.36013567759012,-5.3131193951572,15.0100791176577
38.79,-6.44754166215855,-10.8588789546625,14.9321360845182
38.89,-11.993285289486,-17.8256443939019,23.6873113650696
38.99,-14.2374138225148,-11.1174537589535,37.6111994473212
39.09,-7.67402501574745,-0.321542359279568,33.7509346690406
39.19,-2.41050314792036,0.69312948216548,25.6401853729397
39.29,-0.713947615045029,-0.0108677609001412,19.5930831052213
39.39,-0.467631194865691,-0.543507092909167,15.0194709710484
39.49,-0.771992580844163,-1.32349400783174,11.5521674114751
39.59,-1.72123796236871,-3.20965003860913,9.0870068471452
39.69,-4.22797783961105,-8.11285661241135,8.39031600599458
39.79,-10.2607347582866,-18.4862931683212,14.9708273792918
39.89,-17.0343412189231,-18.1015616807733,38.0005042387988
39.99,-9.67685199726028,1.90371597221469,38.6347547428988
40.09,-0.860211383455151,4.61815315277114,28.0941122260064
40.19,2.54373922895084,4.6947868925872,21.9904317655388
40.29,4.61975956931358,7.00200857746865,18.6773882079144
40.39,7.77723002053538,11.768199359322,19.4351329094904
40.49,11.9108651213131,15.2440013750242,27.35496295196
40.59,12.1446435227909,8.8843389815465,34.992739013509
40.69,7.35187493217541,2.49418461915002,31.2651172445303
40.79,3.95816711500437,2.10752204023695,24.8874497025741
40.89,3.34015246117499,3.78318977204435,19.9260334859462
40.99,4.71083266275002,7.04788853328305,17.1135775189932
41.09,8.15488574501249,12.6796743173654,18.7010638598951
41.19,12.7260683466765,16.0635091363411,28.6095708980001
41.29,12.1269150237502,7.51147257027646,36.1528339328934
41.39,6.43660396997701,1.2814533821269,30.759818940086
41.49,3.04883584040675,1.32119377711382,23.9668013621638
41.59,2.47221247558946,2.84212453571643,18.8134221736388
41.69,3.64758182087125,5.6856581250626,15.5115993811718
41.79,6.83232009622188,11.3150183552134,15.7530864641066
41.89,12.2374688210293,17.583226959956,24.9185851136705
41.99,13.7824225396658,10.1605831397538,37.4256915228989
42.09,7.34073757789478,0.504292172178813,33.035199191211
42.19,2.53321086676976,-0.237510128581263,25.2315989382134
42.29,1.09459857243662,0.625295234344008,19.3454898986977
42.39,1.15621542639474,1.66474224604071,14.9218236505718
42.49,2.15030296568728,3.74249554680011,11.8068344792166
42.59,4.76211077386895,8.70253861020413,10.881558111431
42.69,10.552860046301,18.0205965986624,17.5042366627413
42.79,16.098192393782,16.2712130220969,37.3525021511722
42.89,9.45240362542345,-0.540145008017278,37.3591643248248
42.99,1.75667074334845,-3.09223367782592,27.6053475078803
43.09,-1.19958012363154,-2.94603827167752,21.1502858428102
43.19,-2.75202341986358,-4.46026409603633,16.8453157285455
43.29,-5.17929116991389,-8.5771335644799,15.1347547454591
43.39,-9.82731369932086,-15.5183474000833,19.7052358513808
43.49,-14.2538486276883,-15.3400020302993,33.615713327639
43.59,-10.3776676724623,-3.21604879032185,36.2223772489651
43.69,-4.10682167553783,0.307958264294918,28.2848623005669
43.79,-1.52130742738453,-0.367932663282979,21.6450116332448
43.89,-1.14686142277428,-1.3635347592093,16.6688151504127
43.99,-1.83523796218746,-3.04347404031468,13.0428193000986
44.09,-3.85500631512062,-6.93281667251576,11.199098398576
44.19,-8.58540401097197,-15.137893649567,14.6029053987271
44.29,-15.2838510957493,-19.4879783762756,31.7640966769478
44.39,-12.1794362696689,-3.01787530613104,39.6860904934096
44.49,-3.5068850671215,2.8360937860595,29.9538892461134
44.59,0.410578397017908,2.56597424704376,22.6678042984562
44.69,1.96994024126689,3.34687446028599,17.6898168938208
44.79,3.77414845073594,6.26444268944933,14.7374851870382
44.89,7.44494637959156,12.4634720028835,15.881775122362
44.99,13.1170332479897,18.0687524852241,27.0740774374655
45.09,13.304411261025,8.01588203132422,38.1797736159044
45.19,6.22917230593086,-0.313046612105673,31.8815014420424
45.29,1.88904608197719,-0.475015725573347,24.2185698302665
45.39,0.666301579867583,0.235028250249522,18.5351401784384
45.49,0.617847377969456,0.867429799671425,14.2248580583197
45.59,1.15351008650288,2.03503555061403,11.0034127385432
45.69,2.64307052281044,4.96105472264515,8.99028398522998
45.79,6.45615991485333,12.1728787459388,10.2346841138814
45.89,14.0079472363423,21.9307268437973,24.3122492700505
45.99,15.2932122130285,7.7707767622613,42.4734894533989
46.09,5.03329626541494,-4.04413371300921,33.1770101269954
46.19,-0.825233740616689,-4.12356203489735,24.8543709619063
46.29,-3.11626287146017,-4.99730221824041,19.8739963299067
46.39,-5.39921744723973,-8.35435075883271,17.6928744561254
46.49,-9.26480556318261,-13.8743613859153,20.8471795456441
46.59,-13.0372670543919,-14.5682211805262,31.3168532031036
46.69,-10.7754827778182,-5.51867180926081,35.1129569293622
46.79,-5.57013730991502,-1.48260497366599,28.9735936340884
46.89,-3.11816490049457,-2.11541773167503,22.7630862908437
46.99,-3.14777596245162,-4.09182494886763,18.231201017445
47.09,-5.01440212551243,-7.90615578218779,16.0578480236325
47.19,-9.1028983900594,-14.2643451542976,19.2655842644191
47.29,-13.6398497830505,-15.8211832855926,31.4618791489149
47.39,-11.1971057211775,-5.02249411845936,36.343559190656
47.49,-5.1078562558306,-0.388205102503612,29.2960839772268
47.59,-2.23879683114182,-0.926667186248988,22.5816688924561
47.69,-1.88468250372242,-2.30287491688559,17.5608518766037
47.79,-2.98193555149534,-4.83646465627176,14.183287359893
47.89,-5.94881770806598,-10.263422454814,13.7720495949326
47.99,-11.6534083140176,-18.0839189693146,21.997909068856
48.09,-14.8337302289692,-12.444839524104,37.807757903421
48.19,-8.1107232250543,-0.0179377103667167,34.7241664559628
48.29,-2.19951715546874,1.36681595298181,26.1690157364514
48.39,-0.150224264400465,0.870200456375091,19.949307744306
48.49,0.518373074396041,1.04086315689011,15.2992733902534
48.59,1.1781715618007,2.0965331010952,11.8323450079833
48.69,2.66524054267487,4.94280454144307,9.63699742023929
48.79,6.37606485214449,11.9082827254191,10.6565236189078
48.89,13.6915142643478,21.4605841988826,23.9012183662092
48.99,15.3187462257848,8.50853485402594,42.0011877602929
49.09,5.44849987929311,-3.58524976761084,33.4028793091328
49.19,-0.445732398756436,-3.77129228174405,24.9425648164087
49.29,-2.69668157723482,-4.46764656566125,19.7222061587146
49.39,-4.81069832218806,-7.55664721321305,17.0635212285714
49.49,-8.55265158251577,-13.2636718594919,19.2395039767959
49.59,-13.0003330238079,-15.781749159573,29.7676927201327
49.69,-11.6836497468342,-6.57132154287697,36.0412752131342
49.79,-5.98191246524041,-1.13323838239281,30.0919827333867
49.89,-2.9028917102617,-1.42417058617132,23.43058006285
49.99,-2.51164646773481,-3.02652334532626,18.4290165443025
50.09,-3.83947457977713,-6.05776590146144,15.3369498609975
50.19,-7.24844833372961,-11.977938060859,16.1088278659932
50.29,-12.7057027391949,-17.6948203616785,26.2911903212239
50.39,-13.4144519322432,-8.89698909330572,37.6932409688314
50.49,-6.73588347722828,-0.203814291163487,32.2707833384276
50.59,-2.2959612053,0.169792038487396,24.6262260537927
50.69,-1.05650231680912,-0.704132231850327,18.8909236764918
50.79,-1.20388751219737,-1.78771223412238,14.5841452313056
50.89,-2.29716192094648,-4.02912838795983,11.6012352038011
50.99,-5.12502607095601,-9.37078067547121,11.0146033889961
51.09,-11.2226637545535,-18.8096350925732,18.853131946895
51.19,-16.0480797660657,-14.701051407337,38.6697488518917
51.29,-8.57060451875448,1.24768623599644,36.4142470766251
51.39,-1.34380264786723,3.05773464739182,26.917267555943
51.49,1.35306482884458,3.00353684307312,20.6891382615707
51.59,2.91168889228348,4.70956321699076,16.567344107169
51.69,5.49748877324049,9.11671459128472,15.2027437477365
51.79,10.3438710479145,16.0849500593909,20.6645321733076
51.89,14.3049056499145,14.4051630339122,34.7096948897447
51.99,9.72574251866871,2.47499551567488,35.6114552454815
52.09,3.72852285963646,-0.298816020204181,27.6009997241008
52.19,1.42947881995163,0.457400738396854,21.1362336606373
52.29,1.17634508482551,1.48043904956369,16.2886684059484
52.39,1.96062941313785,3.29143636493839,12.7907735001426
52.49,4.16704796778916,7.51384946944585,11.208996680608
52.59,9.23159692534291,16.0901851008261,15.5706134232044
52.69,15.6231558789673,18.5824465082931,33.7535351081444
52.79,11.2764226765015,1.72832053191212,38.9341933333835
52.89,2.93168745676061,-2.84444862575266,29.1077356735071
52.99,-0.597785936549162,-2.55571680097762,22.1042472104949
53.09,-2.08920584790132,-3.49807695128246,17.3013045825511
53.19,-3.9977544517899,-6.66336000048877,14.582203886981
53.29,-7.90062015707006,-13.1667187138445,16.3474534915342
53.39,-13.5441170495746,-17.9518972208773,28.553119597541
53.49,-12.8059702045105,-6.75535179997233,38.1553207320232
53.59,-5.65292456328234,0.515901373234071,31.1141433013454
53.69,-1.6741207847829,0.426733820652056,23.6400225903428
53.79,-0.609574909020358,-0.257089367955469,18.0971160795664
53.89,-0.604150738781023,-0.875333379754333,13.8887064180518
53.99,-1.15764874430823,-2.05899548872613,10.7466340511246
54.09,-2.68030676853118,-5.0516753602215,8.80895413323443
54.19,-6.58382129786377,-12.4325568145674,10.227789618098
54.29,-14.2342364342224,-22.0948339505387,24.8762448254706
54.39,-15.1383575276449,-7.15705002551624,42.5834175751287
54.49,-4.76161367869222,4.19477871898609,32.9204769285614
54.59,0.980932731523994,4.21047687943917,24.7219852447129
54.69,3.25699920178335,5.16834163647021,19.8531104731772
54.79,5.59889843993223,8.63100931784507,17.8637176010238
54.89,9.50717502066581,14.0718829931415,21.3841581910347
54.99,13.0331142752456,14.1342955181195,31.7976642074159
55.09,10.4701933462475,5.18194520034792,34.798645387919
55.19,5.42450010298698,1.57295589061515,28.6002326805127
55.29,3.16857435045736,2.31729133713494,22.5267644196726
55.39,3.33322466280091,4.41424992406333,18.1547193779932
55.49,5.36462997033825,8.45022945075413,16.3050847114515
55.59,9.60474508502391,14.7723889830668,20.2780156298898
55.69,13.7021409301847,14.9761594885546,32.5792599042563
55.79,10.5638037177538,4.26713039462556,35.735974174369
55.89,4.77398983945034,0.514800414077435,28.5623783370263
55.99,2.27218429965358,1.22552654161222,22.0794430388119
56.09,2.14050531254495,2.77648952433622,17.2677315724759
56.19,3.52134177628507,5.75651739850113,14.2497076117299
56.29,6.99025540564473,11.8823309935516,14.9455011588831
56.39,12.8473283986424,18.4642576690551,25.6124569151133
56.49,13.8884915901565,9.09362882311259,38.5401665025517
56.59,6.60836653036055,-0.515041463602355,32.6792621489975
56.69,1.78379560731294,-0.922228972180836,24.7096523517325
56.79,0.295976745431184,-0.377154469044216,18.8754965157701
56.89,-0.0732193237381905,-0.276532002649602,14.4553222853866
56.99,-0.267893749868616,-0.502432578579666,11.0776023794467
57.09,-0.638519860112701,-1.20808355265104,8.51746882784091
57.19,-1.6130399565989,-3.15894244426429,6.73088916008933
57.29,-4.28722396467639,-8.51207531274103,6.61142925435817
57.39,-10.9653887967361,-20.102012796603,14.7661270779721
57.49,-17.7843678569869,-17.1660388551336,40.7557725336966
57.59,-8.47901668468953,4.01952741901041,38.1177728600362
57.69,0.437406764298837,5.71318050796754,27.7249913512863
57.79,3.77877869164407,6.03761893074856,22.4567311943178
57.89,6.07505253645028,8.71902807984818,20.3889492721384
57.99,9.24007765020658,12.729189598291,22.990781926701
58.09,11.8759851681887,12.7972940419189,30.3640039066473
58.19,10.2755320309594,6.6435003993954,33.1005606251044
58.29,6.50919521662923,3.38852346909846,28.7059836231697
58.39,4.63768478778366,3.99212237203972,23.6172976042812
58.49,5.04078991105575,6.42875233708213,20.203741527059
58.59,7.36381873059421,10.5769832198125,20.0790313680379
58.69,10.941772341133,14.2339355081668,25.8378980010251
58.79,12.0754182362651,10.3974476757963,33.3953241245268
58.89,8.43376191676684,4.01193324464863,31.8737629727292
58.99,4.99570277781039,2.85677520146637,26.1666089390526
59.09,4.1202488237372,4.37740749743003,21.3724790882182
59.19,5.35460290564485,7.56010768678963,18.7758135755082
59.29,8.52146131930178,12.5213586379913,20.5532850440435
59.39,12.2527449223545,14.6295056438026,29.1079629719034
59.49,11.4113871383487,7.47506245870572,34.6963960009334
59.59,6.7015912353458,2.43957768476695,30.0963938622288
59.69,3.91709011433793,2.58518994965048,24.0485618167869
59.79,3.72711297937525,4.5516616717633,19.5351524232908
59.89,5.51058700523923,8.3058728218332,17.5067441702019
59.99,9.33763063369123,13.9771094269974,20.8088403433943
60.09,13.1166517020575,14.5870451153961,31.4876435952995
60.19,10.7351814950043,5.35651403717444,35.1670336083413
60.29,5.4715296154131,1.37898647378095,28.9002842793363
60.39,3.02836068866191,2.03456304844519,22.6631727784422
60.49,3.05525532558541,3.9836538680648,18.1073813634065
60.59,4.89537496139236,7.75402709857504,15.8630211332436
60.69,8.97162259211401,14.1714155632769,18.9047757688695
60.79,13.6648625118549,16.1076541157776,31.1957475942873
60.89,11.3770091131256,5.16410532187406,36.5794975882837
60.99,5.14662615363683,0.264970369222888,29.4924648170538
61.09,2.15520296595232,0.753667314998949,22.6870952552683
61.19,1.7146222272634,2.03348365562662,17.5894825933542
61.29,2.6693986006145,4.32310833946385,14.0586960646202
61.39,5.35725658680647,9.32615909859649,13.1216199878374
61.49,10.8646164881809,17.5280033640004,19.9109179596334
61.59,15.1967339880583,14.49696922424,36.8014719670285
61.69,9.11074070114911,0.530604538077764,36.0180542351931
61.79,2.49340745923538,-1.68967491270119,27.1057588088052
61.89,0.0359409823779742,-1.23535074440544,20.6312826488401
61.99,-0.840874827327617,-1.57661840891543,15.8583350824955
62.09,-1.80275884311655,-3.15613530654629,12.4144436085323
62.19,-3.96796698571506,-7.22948574232106,10.7870195393294
62.29,-8.95904583241131,-15.8215291945041,14.8194296728029
62.39,-15.6550850579954,-19.2391406431721,33.1127205326634
62.49,-11.6555983598846,-1.94970375169287,39.4618568649613
62.59,-2.97970932800092,3.10929777067697,29.4499448550761
62.69,0.758343956308752,2.8482087129938,22.3671049861732
62.79,2.36688884994048,3.9019761155429,17.6100281987028
62.89,4.4411115970126,7.31588161113074,15.1341225850061
62.99,8.53790388451689,13.8840925428401,17.6742319198565
63.09,13.7516025788418,17.0629507665165,30.2974718936405
63.19,11.9736550593496,5.60154767225147,37.4010440803086
63.29,5.23351425132081,-0.215298654013524,30.1271221707942
63.39,1.82229343084957,0.118474467867183,23.0130897580851
63.49,1.08404670570135,1.05209296494354,17.6900279673049
63.59,1.5191677045899,2.41930470690094,13.7371106179413
63.69,3.07441851121445,5.47775531213741,11.2919532494517
63.79,6.89383372999752,12.4370969611872,12.5128051700762
63.89,13.7734952281454,20.471445031612,25.7265146962577
63.99,14.4577596121798,7.70513589392053,40.7985249015609
64.09,5.45132984631584,-2.59345453958338,32.6120806164461
64.19,0.212052044801399,-2.71491307060377,24.4084527080012
64.29,-1.69060207251762,-3.08492668692519,18.9201538532536
64.39,-3.30370287374603,-5.41096364667192,15.4088209894728
64.49,-6.41811244852751,-10.7638981809135,15.2158764665752
64.59,-11.8497299294626,-17.5666295225242,23.6223867031534
64.69,-14.1544280794162,-11.3033543950767,37.2655844596151
64.79,-7.84199608625837,-0.621914857476807,33.7903889915947
64.89,-2.61761932417744,0.489096214735603,25.7616241758133
64.99,-0.939177622615592,-0.290588646057605,19.710660210653
65.09,-0.807226321519985,-1.07239729171823,15.1441694075457
65.19,-1.42811601967612,-2.46604420656824,11.765683451968
65.29,-3.17147579501113,-5.86151015778812,9.82470216772659
65.39,-7.4805767791657,-13.7437362654301,12.051152506178
65.49,-14.9027923760917,-21.312359787722,28.2850123697834
65.59,-13.7961832014575,-4.86646290211908,41.4826891579691
65.69,-4.05311551167202,3.66250557996092,31.4976249622285
65.79,0.80579100808493,3.52327590044789,23.7644249376485
65.89,2.77410912892271,4.50261268243937,18.8628547567269
65.99,4.98234217342883,7.93767000385522,16.5367080888188
66.09,9.0049746270084,14.0055256318143,19.5016925687341
66.19,13.4202643235711,15.6396570453448,31.091230357924
66.29,11.2428955627198,5.42153418281911,36.1125382515436
66.39,5.36092390865207,0.707065690811766,29.4141025234242
66.49,2.51305518629772,1.21860830986751,22.7759549134283
66.59,2.21859044001149,2.75100695659203,17.8213095929006
66.69,3.50762744034107,5.64274760919569,14.6668442944546
66.79,6.83577023756389,11.5397932697646,15.0944197673277
66.89,12.5399503775974,18.167944489849,25.0323881695584
66.99,13.9630103687345,9.76515895083729,38.1510766877508
67.09,6.98790518207341,-0.14325389218216,32.9897064051879
67.19,2.06821266238097,-0.732400391713164,25.0089577570278
67.29,0.55180057371329,-0.0786273957268024,19.1122615783069
67.39,0.306847194090594,0.322631189534294,14.6425639893334
67.49,0.485721327512049,0.832134073366155,11.234171541703
67.59,1.09103864218458,2.04718421218235,8.70037034770462
67.69,2.72566151058972,5.30297365474459,7.256185605021
67.79,7.03518003026437,13.5416927452766,9.50894831291037
67.89,15.3112604474065,23.1436556574126,27.105777090911
67.99,14.5661372435584,4.38140260447895,43.2948269111081
68.09,3.42353993449401,-5.25438728316493,32.0077868454053
68.19,-2.00128686208637,-5.06823109198703,24.447835623858
68.29,-4.32970706159496,-6.47682516822358,20.3642696067837
68.39,-6.97974578606747,-10.2885179551826,19.756840488409
68.49,-10.7002920221087,-14.2848316173809,25.096608541469
68.59,-12.2764063643309,-11.0368416206283,33.2355672348743
68.69,-8.76904219113824,-4.18419742518634,32.3681606051467
68.79,-5.07460160793639,-2.67102682202271,26.5837166747493
68.89,-3.97972315216889,-4.05335317968616,21.5792125130452
68.99,-5.03673736534166,-7.0631647122002,18.6507722585946
69.09,-8.05859148303262,-12.0089911251967,19.7859236901988
69.19,-12.0472059306807,-15.0628961941676,27.9622657139142
69.29,-11.9049337238963,-8.38706295097081,34.9201886985912
69.39,-7.12363515309677,-2.46720998529521,30.8630801221777
69.49,-3.9414672478124,-2.27244667282408,24.5983640637898
69.59,-3.47187842785431,-4.04550622715139,19.7880267286621
69.69,-4.98413697064204,-7.48083946639184,17.2321891781834
69.79,-8.57402264377094,-13.171712801801,19.3996549083299
69.89,-12.9175077444445,-15.63468363239,29.7018283488274
69.99,-11.647979054872,-6.67396487297583,35.8793271428977
70.09,-6.06524350078972,-1.28879342520115,30.0846181614197
70.19,-3.0254646310485,-1.57047812325574,23.4893210725394
70.29,-2.66774418682479,-3.23373735716922,18.5410420743198
70.39,-4.07435965721201,-6.40096732839302,15.5786588619229
70.49,-7.60026643868669,-12.416335888693,16.7404225105516
70.59,-12.9207669318001,-17.4264735889394,27.3531684441066
70.69,-12.9989861409416,-8.08148813613366,37.4895887595592
70.79,-6.41897018303001,-0.279359154467494,31.6674290930997
70.89,-2.32577883826751,-0.115934152316689,24.2371180413271
70.99,-1.28340688407365,-1.1048840657875,18.6442820521067
71.09,-1.65082462339188,-2.53588345955818,14.5010974820109
71.19,-3.21069109078827,-5.62626056767112,11.9496755197221
71.29,-7.01467567890326,-12.4833999194638,13.1673452692045
71.39,-13.6794758734845,-20.027015793014,26.0684565251857
71.49,-14.2243374478372,-7.72011320146154,40.307165019802
71.59,-5.58263245358537,2.16821188986424,32.4559930058274
71.69,-0.520996644247056,2.29528115831943,24.3210509866155
71.79,1.25506942243444,2.47790896662869,18.7371231906042
71.89,2.60394038521816,4.33255599931987,14.9204917808387
71.99,5.21245491482371,8.96822974632455,13.6666906662336
72.09,10.4203778792171,16.7951586088808,19.5435090731559
72.19,14.9545362114252,15.1115411453328,35.617381740158
72.29,9.68000337404538,1.44846813718292,36.3163946521869
72.39,3.0438580948176,-1.30865658157878,27.5889881997093
72.49,0.495607406466171,-0.755187081353676,20.9896625691408
72.59,-0.224887038117867,-0.652682067387277,16.0729896027506
72.69,-0.652195592557493,-1.17684617629607,12.3458868271171
72.79,-1.47536743148638,-2.72879133305788,9.6323294229421
72.89,-3.57330971117529,-6.82844403646257,8.40085567821911
72.99,-8.77904577501925,-16.2208389903621,12.6528759843563
73.09,-16.4498675540917,-20.8871837265828,33.5212899792276
73.19,-11.8605740717503,-0.57253734977896,40.7282011167225
73.29,-2.06546053598435,4.59513691571556,29.6659290657419
73.39,2.03889685710754,4.44710152195941,22.8823608271784
73.49,4.09514101755306,6.24818575035776,18.9762439980901
73.59,6.93443150350425,10.6114259106729,18.6053711522878
73.69,11.1514841232551,15.2400116874724,25.0318185960385
73.79,12.7580917575683,10.9134200939306,34.4644217984125
73.89,8.41512867433756,3.11419049577428,32.6726854609539
73.99,4.34526218033668,1.82286680254317,26.1441544473597
74.09,3.18980478394724,3.19695944675918,20.7679427930851
74.19,4.12568951488119,5.98668728244144,17.3200687626313
74.29,7.05760206129456,11.1300853747347,17.4367504733672
74.39,11.7987990064049,16.3309998367211,25.3959586417385
74.49,13.1460056359117,10.2634645062679,35.9329167165925
74.59,7.76599179917489,1.81636714310191,32.6409985154441
74.69,3.45829956025596,0.936987832683636,25.4788750099618
74.79,2.28603810740313,2.19413560824386,19.8594974499847
74.89,2.98505446283827,4.466013316144,15.9437943257342
74.99,5.45626060964699,9.09991574297034,14.6742895736268
75.09,10.4288134033746,16.3858571137867,20.3833277498062
75.19,14.5304874009587,14.545107776872,35.1238447429063
75.29,9.64799819233419,2.05926928540879,35.7946948658152
75.39,3.45910252423616,-0.644614807162353,27.5275068641363
75.49,1.10090773365171,0.0508815232298765,21.0171938495463
75.59,0.701232521694928,0.767214316895161,16.1257584998284
75.69,1.08993263967758,1.81796784167407,12.4477626509106
75.79,2.34023931907963,4.28724206863352,9.97760425782212
75.89,5.54359794216245,10.3801594230491,10.1169138150743
75.99,12.3723827440722,20.5011549431813,20.433687503554
76.09,16.1738857279683,12.1957920388006,41.0667987839188
76.19,7.02619143113255,-2.9275616025426,35.2148063306422
76.29,0.194627388950489,-3.76737796138882,26.0329793681668
76.39,-2.34696318998465,-4.13176233674092,20.3822204323618
76.49,-4.30210225362309,-6.74753135894881,17.1831323457804
76.59,-7.69533087490492,-12.1231678159942,18.139251016806
76.69,-12.4185053436379,-16.3095154967414,27.389131626023
76.79,-12.5724845909664,-8.51751485475351,36.2306026899384
76.89,-6.90526750130046,-1.4034046979897,31.4816195511953
76.99,-3.16023183015129,-1.13961825101881,24.5203328672526
77.09,-2.36003896710881,-2.54784346036368,19.1799167354635
77.19,-3.33638392733847,-5.13359615887466,15.6103722271687
77.29,-6.217560212818,-10.3593478149303,15.1575090407363
77.39,-11.5196913836303,-17.2930655895197,22.8854874917535
77.49,-14.2554847155401,-12.0640537790752,36.8171003326317
77.59,-8.25948572583789,-0.963518140967883,34.2266638924376
77.69,-2.8425807374848,0.45827600502688,26.1564670971144
77.79,-1.04052780680888,-0.333175701307772,20.0152826363817
77.89,-0.892412244700031,-1.17596928817375,15.3881451385341
77.99,-1.56193012061544,-2.68211351100229,11.9853866849126
78.09,-3.43700321267136,-6.31869313809907,10.1360933757604
78.19,-7.99119651472577,-14.500294392132,12.9449346018022
78.29,-15.2500568957757,-20.7662111887773,30.0963065705964
78.39,-13.0491307545271,-3.67752461085866,40.8591152015037
78.49,-3.62464721766233,3.49616484857365,30.7470088544625
78.59,0.814660617811162,3.29593481112182,23.2647087693263
78.69,2.65411808532705,4.3239662956226,18.4232933693002
78.79,4.83471141964034,7.79098705984307,16.0723397232768
78.89,8.9154911058027,14.0600168159281,18.9899449993027
78.99,13.5698510724025,16.0451133365941,31.0195115936186
79.09,11.4082467429114,5.34883613596524,36.4946759475925
79.19,5.25928994110672,0.394608954477458,29.5573768280399
79.29,2.2682086698912,0.86822703368472,22.7749947943868
79.39,1.84854639983285,2.21241515190958,17.6951990231945
79.49,2.88228647903338,4.65504704818372,14.2377738231181
79.59,5.73636993636145,9.90928119260396,13.6087293385823
79.69,11.3505133122058,17.8514115856684,21.2512618548601
79.79,14.9557491534956,13.2037081017932,37.4160189164434
79.89,8.49292892763581,0.254028120444835,35.1818754431781
79.99,2.34774464754273,-1.42821819419442,26.5193049975591
80.09,0.164315863403064,-0.92908588090002,20.2051530657945
80.19,-0.549855311395285,-1.10340836158287,15.4976053054758
80.29,-1.2437155402814,-2.2055516132313,11.9974495185139
80.39,-2.79639520507181,-5.16863823368483,9.82193108750941
80.49,-6.63763616799091,-12.3234965167277,11.0778608197486
80.59,-13.9674222713666,-21.4282465496003,24.9499725018523
80.69,-14.9596187760346,-7.64437060499402,41.8751277807922
80.79,-5.14495163656004,3.53257986966549,32.9291412288979
80.89,0.468714589840157,3.62317064982449,24.6449418730972
80.99,2.62482620251155,4.35265879206584,19.4621035726617
81.09,4.71836261377953,7.46272790566937,16.78645729649
81.19,8.4908578317967,13.2803538966185,18.9270360399666
81.29,13.0777639460999,16.023974761323,29.6824920785758
81.39,11.7985424149429,6.56574740769162,36.277758615795
81.49,5.93519255683815,0.945929248719332,30.1956094791322
81.59,2.76070054316797,1.21582478229997,23.4314792189709
81.69,2.29811586737109,2.72233083258403,18.3435263415747
81.79,3.49363376142808,5.5303040279858,15.0593855884168
81.89,6.68698163549363,11.2133109829312,15.2337896297086
81.99,12.2435077037644,17.8701061068915,24.4881227054224
82.09,14.0176779575099,10.3966697475393,37.7410010179016
82.19,7.35352630045436,0.226266328934705,33.2904657897317
82.29,2.33966825033117,-0.563126287121637,25.3120943902548
82.39,0.782029044611379,0.176417082141113,19.3591313380614
82.49,0.634185015520975,0.828898967277018,14.8557508640178
82.59,1.1200943541966,1.94333428625746,11.4805474732908
82.69,2.51511939011745,4.68512134578096,9.30356681580491
82.79,6.0879595129683,11.4645898249493,10.1051338900565
82.89,13.3997695429617,21.5090379359086,22.7269591257269
82.99,15.7210504452937,9.45788625058247,42.1616626122646
83.09,5.75599868944173,-3.71163087801008,33.9379567451663
83.19,-0.475403460863822,-4.00753413357682,25.2801591304753
83.29,-2.84866952367819,-4.68807176247823,20.0539221392983
83.39,-5.01133475206985,-7.78818213537059,17.4895462392787
83.49,-8.73305215506385,-13.3343792818229,19.8506575714437
83.59,-12.916752527563,-15.3193668991285,30.1060539899807
83.69,-11.4104485276053,-6.41049802005426,35.6251774441123
83.79,-5.97248442617421,-1.40883419785953,29.7952743593315
83.89,-3.10557828960299,-1.78038625674678,23.3318177559942
83.99,-2.8634071800721,-3.54889380316789,18.5142793105102
84.09,-4.42257724297826,-6.94263625250843,15.8063570448404
84.19,-8.15147695541648,-13.1129432067658,17.6578440900549
84.29,-13.2392749911545,-16.951258393881,28.9516024029704
84.39,-12.3491639584893,-6.86165574077934,37.1461979371587
84.49,-5.91446720011097,-0.328640186359528,30.7601332171888
84.59,-2.31049992568618,-0.462948647137117,23.6187162584497
84.69,-1.54448350185139,-1.60396391358181,18.2429902861917
84.79,-2.20375640152884,-3.4794256615444,14.3708554918625
84.89,-4.34856743690847,-7.58837329155002,12.5561009132296
84.99,-9.15523320652247,-15.5510793905268,16.533534044274
85.09,-15.0652418014676,-17.9093648948835,32.9656548990279
85.19,-11.3679653727918,-2.78498801636017,38.3590530824407
85.29,-3.58832598251704,1.97352545247127,29.2128633701663
85.39,-0.200266933343708,1.58822821172927,22.1263562129874
85.49,0.972011184517074,1.86573291143792,17.0188306148159
85.59,2.06064420942685,3.53874613639548,13.3878774177995
85.69,4.37721896852815,7.81478693854493,11.8182314899519
85.79,9.47622548346116,16.2445062503844,16.4442524968444
85.89,15.4854187660665,17.8392794538761,34.1853447511026
85.99,10.940176864354,1.70680370440109,38.3510887645057
86.09,2.99275590247079,-2.46203073413247,28.7983381407052
86.19,-0.31982607517962,-2.12388632847846,21.8564947573501
86.29,-1.64347787461952,-2.84013260727053,16.9673251771002
86.39,-3.24519826568416,-5.49163185730719,13.8702519011461
86.49,-6.6581587463847,-11.4839379997245,14.2716000715333
86.59,-12.6359502186094,-18.6950583720709,24.5434292619847
86.69,-14.2957686379729,-9.90083957823993,38.7606178803962
86.79,-6.88068354968474,0.678879883720809,33.2594816870332
86.89,-1.69125808393643,1.27021244038695,25.0572827537394
86.99,-0.00804185416188527,0.84134538941138,19.1307469882571
87.09,0.594582818226556,1.12742927503312,14.6809566373826
87.19,1.31915484023313,2.36059551105322,11.3871979784568
87.29,3.0204869143089,5.63169623694608,9.45811164013092
87.39,7.2345186018004,13.4173743655901,11.4671509944725
87.49,14.7800709733668,21.6495482199444,27.4174150316409
87.59,14.1688831051965,5.35747913953304,41.8763490256762
87.69,4.18327639588112,-3.87542804142705,31.861656516947
87.79,-0.91131478267906,-3.76701481330412,24.0239698760526
87.89,-2.97478304498414,-4.7777956884865,19.1632531361775
87.99,-5.25730025808465,-8.28239977662087,17.0092211132261
88.09,-9.28569897459129,-14.1630978975471,20.3279401868748
88.19,-13.3288454457064,-14.9821880770482,31.6083772392051
88.29,-10.8500337291611,-5.14921529800366,35.5683068576101
88.39,-5.2957622266696,-1.00571426401692,28.9798971517182
88.49,-2.72480548561068,-1.63641785646719,22.5677175786933
88.59,-2.63206784033381,-3.39576518013524,17.8326287217662
88.69,-4.23896565461497,-6.79810476563657,15.148465166071
88.79,-8.05491611188728,-13.1888352189021,17.0025141508594
88.89,-13.4286121676543,-17.4623274697896,28.8450159942886
88.99,-12.5555619889122,-6.72980212196704,37.6691162633544
89.09,-5.7429644207163,0.12556990820077,30.8993088341125
89.19,-1.96370817764978,0.00103055848629997,23.5849732733612
89.29,-1.05182192176634,-0.902948332405059,18.113625083213
89.39,-1.37239415613769,-2.13738161860182,14.0260421664509
89.49,-2.72552785946839,-4.8339496120602,11.3486759116719
89.59,-6.11999660074813,-11.130205519614,11.7316914165619
89.69,-12.7930953029744,-20.1471870035385,22.7236095224149
89.79,-15.3374714468862,-10.524282959557,40.5265769622634
89.89,-6.62054373566585,2.27183477144271,34.1154665627225
89.99,-0.589953333046381,2.86922362197573,25.382406682494
90.09,1.58851862307343,3.06293118007367,19.620458951695
90.19,3.17106345859673,5.15560250867579,15.8769591764016
90.29,6.08036228651365,10.1469245506308,15.2288935387751
90.39,11.3001777053897,17.0630743598931,22.5024165130633
90.49,14.2648374759483,12.4969580084567,36.4476063894336
90.59,8.52724410001212,1.24834659469756,34.4612332809382
90.69,3.02434822511528,-0.385259069510817,26.407389667343
90.79,1.15480887232661,0.423765815385628,20.2179549527855
90.89,1.02095718980664,1.35540997822791,15.5626072737439
90.99,1.78601381268943,3.05648808407079,12.1805916430704
91.09,3.89801022407277,7.121250888306,10.561265381282
91.19,8.86921307444506,15.7514473388824,14.5058857959437
91.29,15.691840761924,19.500148127306,32.9204903068986
91.39,11.7830228477041,1.97201318234752,39.6758544923189
91.49,2.96057740152704,-3.24996550357181,29.5634340121861
91.59,-0.857801052616206,-3.0017439285036,22.4633744841415
91.69,-2.52142293299892,-4.12239364138953,17.7494436953569
91.79,-4.68370723386615,-7.66810912878195,15.4278633028992
91.89,-8.86985090473313,-14.2242666811067,18.4026520096499
91.99,-13.8066813867942,-16.5117648133835,31.1166427034824
92.09,-11.5380613184443,-5.08612016547883,36.955617491782
92.19,-5.04280665881111,0.0445770292649647,29.6305183839993
92.29,-1.91209497505046,-0.406658205667989,22.699007499985
92.39,-1.3444756062655,-1.48828073655362,17.5051794037429
92.49,-2.02469913202602,-3.27409351610721,13.7435957423154
92.59,-4.11731873855493,-7.29056974205067,11.910884746734
92.69,-8.9050045230952,-15.3992698643906,15.6371562630312
92.79,-15.1953942973225,-18.6469401446636,32.4918422922028
92.89,-11.7223068946921,-2.83800897493423,38.9700275759119
92.99,-3.52693182278693,2.38561227003332,29.5380979277956
93.09,0.100181221771937,2.0594452174537,22.3578540707504
93.19,1.46119441303843,2.59833672301118,17.300282579754
93.29,2.91984489388053,4.93377414899051,13.960000429576
93.39,6.002319410204,10.4237822807429,13.6526464338705
93.49,11.8109825871769,18.2983140718397,22.2232885328243
93.59,14.8509945365836,12.1374628157399,38.116460114818
93.69,7.90971857436046,-0.223015693615181,34.578516959426
93.79,2.03758930363236,-1.47167692848788,26.0135708507718
93.89,0.0118762112428327,-1.02350498091034,19.836252066458
93.99,-0.715218984639162,-1.34545576182392,15.233996453434
94.09,-1.55890368380693,-2.76095355345561,11.8679314033904
94.19,-3.50408294567115,-6.46387434654163,10.0837665903127
94.29,-8.16160109121133,-14.7877713609753,13.130082808113
94.39,-15.4049188998436,-20.641967265474,30.7247174358823
94.49,-12.8032324885184,-3.20891568795545,40.7135048917538
94.59,-3.42290416595891,3.53728438260787,30.5003443633071
94.69,0.901165332199509,3.32468549600074,23.1141525480512
94.79,2.72762254838159,4.4206974978364,18.3426473415809
94.89,4.95789639231355,7.98683277802789,16.1112650919377
94.99,9.10893336035428,14.2861003671313,19.3214995686729
95.09,13.6343494243331,15.7840158557132,31.4995716939806
95.19,11.1724204581071,5.00316438144579,36.3133862340894
95.29,5.10182662433601,0.403535649371812,29.2701645544737
95.39,2.24891709719127,0.948554379608714,22.5675122715037
95.49,1.90603943487254,2.33697029340125,17.5569201645176
95.59,3.02135245040238,4.90110067566649,14.1999189442159
95.69,6.02244219722439,10.3779152560486,13.8581215401016
95.79,11.7440938915444,18.1314799718904,22.2567534590214
95.89,14.7766144287084,12.1971474162214,37.8935788712705
95.99,7.99687704173413,-0.027851782530396,34.5703308548877
96.09,2.16992504973192,-1.32676550993572,26.0601145727656
96.19,0.166826152912032,-0.824295809658694,19.8696840486213
96.29,-0.475734981373205,-0.969739801660798,15.2347367958256
96.39,-1.09377995493716,-1.95088619175405,11.7671146103919
96.49,-2.48260547987178,-4.61306048576846,9.51079426402118
96.59,-5.97738078933366,-11.2326798381808,10.1586309035493
96.69,-13.1755164113876,-21.2810164718919,22.2507508387368
96.79,-15.8176578142496,-10.0469676744185,41.9339285811684
96.89,-6.03411951367053,3.52048037785756,34.1928292770386
96.99,0.30762450573156,3.9159127207662,25.4221779637416
97.09,2.7023514426269,4.51518099692766,20.087738404851
97.19,4.8042316174613,7.49391271748203,17.3429485347463
97.29,8.45368765731466,13.0453537853123,19.3180825514657
97.39,12.8376083755727,15.6863668234182,29.4317941291009
97.49,11.7447250758987,6.90453589614718,35.8854073997229
97.59,6.18275118100745,1.34848527345144,30.2387746785432
97.69,3.07923563385124,1.57110346868044,23.6250081266893
97.79,2.68374331233568,3.22335205683332,18.6498564162974
97.89,4.06605861832924,6.36619308400121,15.656577548168
97.99,7.55768718589478,12.3325502456715,16.7473409486576
98.09,12.8565691953238,17.3898645655689,27.2050961615095
98.19,13.0306714543733,8.23031555351022,37.4336333093227
98.29,6.49985361171969,0.348077829277951,31.7427168786473
98.39,2.38117472955297,0.148327554540167,24.310489198437
98.49,1.32886008382289,1.15364026979038,18.7085332828027
98.59,1.71280167179225,2.62865445114712,14.5674257620455
98.69,3.32281532530604,5.8113247066013,12.0608101264929
98.79,7.22058628591117,12.7874420248131,13.4967394606726
98.89,13.8549020435678,19.9246394803139,26.8018000057621
98.99,13.9558170614425,7.14792010700498,40.1826547536425
99.09,5.36891406962741,-2.13649266564066,32.1045257256522
99.19,0.505843381366826,-2.18197731960523,24.0910228578034
99.29,-1.18928416265985,-2.36015376878405,18.5491790529442
99.39,-2.48765856244302,-4.15838041871931,14.72621732527
99.49,-5.02252094879025,-8.69240041196876,13.3547789347328
99.59,-10.1883000236335,-16.6360537984394,18.8777337086729
99.69,-15.0543176345035,-15.7229607029047,35.2590558987647
99.79,-9.98460805110866,-1.58332331658287,36.7508810480199
99.89,-3.0889579719364,1.49738203282905,27.8852604754384
99.99,-0.377379004716675,0.9876478241812,21.1951062336597
